{
  "trigger_feature_matrix": [
    [
      0.0,
      0.0005677585722878575,
      0.0,
      0.21192456781864166,
      4.784913539886475
    ],
    [
      0.0,
      1.2469290494918823,
      0.0,
      0.4959450364112854,
      7.2085862159729
    ],
    [
      0.0,
      1.3503564596176147,
      0.0,
      0.7977785468101501,
      0.2266257256269455
    ],
    [
      0.0,
      1.657508134841919,
      0.0,
      0.3879927396774292,
      1.400372862815857
    ],
    [
      0.0,
      0.0,
      0.0,
      0.5917750000953674,
      19.181812286376953
    ],
    [
      0.0,
      0.4694225490093231,
      0.0,
      0.5165392160415649,
      0.2936914563179016
    ],
    [
      0.0,
      0.0,
      0.0,
      0.18279242515563965,
      12.990633010864258
    ],
    [
      0.0,
      0.022805524989962578,
      0.0,
      0.7133302092552185,
      17.46497917175293
    ],
    [
      0.0,
      0.385321706533432,
      0.0,
      0.2664703130722046,
      8.33245849609375
    ],
    [
      0.0,
      0.3872222602367401,
      0.0,
      0.28768739104270935,
      1.1108368635177612
    ],
    [
      0.0,
      0.19936765730381012,
      0.0,
      0.21860623359680176,
      18.12723731994629
    ],
    [
      0.0,
      1.3175967931747437,
      0.0,
      0.3833387792110443,
      13.999853134155273
    ],
    [
      0.0,
      0.8302261233329773,
      0.0,
      0.34794172644615173,
      11.899659156799316
    ],
    [
      0.0,
      0.36871394515037537,
      0.0,
      0.019167913123965263,
      3.468533992767334
    ],
    [
      0.0,
      1.4519633054733276,
      0.0,
      0.3486643433570862,
      21.846046447753906
    ]
  ],
  "trigger_names": [
    "Authority",
    "Certainty",
    "Emotional/ Affective",
    "Established Fact",
    "Experience",
    "Expert Belief",
    "Future Consensus",
    "High Stakes",
    "Limitation",
    "Negative Incentive",
    "Popular Consensus",
    "Positive Incentive",
    "Prior Agreement",
    "Self-Validation",
    "Uncertainty"
  ],
  "tone_feature_matrix": [
    [
      0.0,
      0.7647346258163452,
      0.0,
      0.29899126291275024,
      9.106280326843262
    ],
    [
      0.0,
      0.31390616297721863,
      0.0,
      0.0,
      18.339214324951172
    ],
    [
      0.0,
      0.8589594960212708,
      0.0,
      0.8549996614456177,
      1.0217472314834595
    ]
  ],
  "tone_names": [
    "mid",
    "strong",
    "weak"
  ],
  "domain_feature_matrix": [
    [
      0.0,
      0.20939160883426666,
      0.0,
      0.0,
      9.545228958129883
    ],
    [
      0.0,
      0.0289215836673975,
      0.0,
      0.0,
      9.948078155517578
    ],
    [
      0.0,
      1.4275181293487549,
      0.0,
      0.0,
      9.655142784118652
    ],
    [
      0.0,
      0.05666184425354004,
      0.0,
      1.9233181476593018,
      9.043476104736328
    ],
    [
      0.0,
      1.5068401098251343,
      0.0,
      0.0,
      9.253480911254883
    ]
  ],
  "domain_names": [
    "Health & Medicine",
    "Humanities",
    "Political Opinion",
    "STEM",
    "Socio-Economic"
  ]
}