{
  "layer": 14,
  "n_features": 5,
  "k": 2,
  "d_model": 5120,
  "constraint_type": "hierarchical",
  "var_explained": 0.1711522340774536,
  "final_loss": 0.829337739944458,
  "n_dead_features": 0
}