{
  "layer": 14,
  "n_features": 5,
  "consistency": 0.3546666666666667,
  "completeness": 0.3551111111111111,
  "independence": 0.0,
  "composite": 0.2365925925925926,
  "feature_activation_freq": [
    0.0,
    0.05422222222222222,
    0.0,
    0.010222222222222223,
    0.29555555555555557
  ]
}