{
  "activation_frequency": [
    0.030666666666666665,
    0.1511111111111111,
    0.050666666666666665,
    0.04755555555555555,
    0.188
  ],
  "mean_activation": [
    0.28184106945991516,
    3.542422294616699,
    1.8482530117034912,
    1.6810917854309082,
    9.94323444366455
  ],
  "max_activation": [
    39.0152587890625,
    104.61271667480469,
    97.70106506347656,
    184.33682250976562,
    94.28453063964844
  ],
  "n_dead_features": 0
}