{"loss_total": [1.8911078691482544, 1.5559335470199585, 1.3559276580810546, 1.227060580253601, 1.1438786268234253, 1.091803741455078, 1.0580305099487304, 1.0403813123703003, 1.0229726552963256, 1.0007071614265441, 0.9995383381843567, 0.9946418166160583, 0.9942750215530396, 0.9854633212089539, 0.9811714053153991, 0.9733362555503845, 0.9664618372917175, 0.9715380072593689, 0.9495824933052063, 0.9496860027313232, 0.9380577683448792, 0.9269622564315796, 0.9254292845726013, 0.9172307133674622, 0.9074139475822449, 0.897119677066803, 0.8936899304389954, 0.8868214368820191, 0.8915143132209777, 0.8858773231506347, 0.8850735306739808, 0.8755774855613708, 0.8733673334121704, 0.8702406406402587, 0.8640072822570801, 0.8677562832832336, 0.8688788175582886, 0.8633458852767945, 0.8567181468009949, 0.8599115252494812, 0.8493228197097779, 0.8445673704147338, 0.8437278985977172, 0.8407264828681946, 0.8374498128890991, 0.8380101323127747, 0.8329401969909668, 0.8366699934005737, 0.8337531447410583, 0.829337739944458], "loss_rec": [1.89050395488739, 1.5533711671829225, 1.3516713619232177, 1.2221312761306762, 1.1393126249313354, 1.088261318206787, 1.0557085990905761, 1.0391284704208374, 1.0224292755126954, 1.0005085825920106, 0.9994397282600402, 0.9945249795913697, 0.9940841674804688, 0.9851747274398803, 0.98080073595047, 0.9729265213012696, 0.9660402536392212, 0.971112072467804, 0.94912748336792, 0.9491775274276734, 0.9374943375587463, 0.9263394236564636, 0.9247626066207886, 0.9165359497070312, 0.9067055106163024, 0.8964307904243469, 0.893043065071106, 0.8862167239189148, 0.8909516096115112, 0.8853578329086303, 0.8845898866653442, 0.8751203536987304, 0.872926664352417, 0.869804835319519, 0.8635659217834473, 0.8673173069953919, 0.8684379696846009, 0.8628676414489747, 0.8562002301216125, 0.8593783497810363, 0.8487890005111695, 0.8440145373344421, 0.8431410074234009, 0.8401468873023987, 0.8368950009346008, 0.8374452710151672, 0.8323380708694458, 0.8360408306121826, 0.8331346035003662, 0.828691303730011], "loss_con": [0.006039260164834559, 0.025623629987239837, 0.04256296381354332, 0.04929332733154297, 0.04565991312265396, 0.03542440794408321, 0.023219120502471925, 0.012528479099273682, 0.005433789268136024, 0.001985833095386624, 0.000986105075571686, 0.0011683675227686762, 0.0019085493870079518, 0.0028859293553978203, 0.0037066936027258636, 0.004097331129014492, 0.0042156755924224855, 0.004259309452027083, 0.0045502310618758205, 0.005084698554128408, 0.005634278617799282, 0.0062283043749630455, 0.006666842941194772, 0.006947675626724959, 0.007084431312978268, 0.0068889021873474125, 0.006468535400927067, 0.0060471856966614725, 0.00562695674598217, 0.005194837599992752, 0.004836494289338589, 0.0045714138075709345, 0.004406822286546231, 0.004358032997697592, 0.004413699451833964, 0.004389729723334313, 0.004408460203558206, 0.004782383795827627, 0.005179148446768522, 0.005331840924918651, 0.005338187515735626, 0.00552837522700429, 0.005868982244282961, 0.0057958939112722875, 0.005548095423728227, 0.005648589134216309, 0.006021237280219793, 0.0062915879301726815, 0.006185454968363047, 0.0064643191173672674], "var_explained": [[0, -0.6736133098602295], [10, 0.0015283823013305664], [20, 0.0652267336845398], [30, 0.12211698293685913], [40, 0.1518726348876953], [49, 0.1711522340774536]]}