{
  "layer": 20,
  "n_features": 10,
  "k": 3,
  "d_model": 5120,
  "constraint_type": "hierarchical",
  "var_explained": 0.26652514934539795,
  "final_loss": 0.7390649795532227,
  "n_dead_features": 0
}