{
  "layer": 20,
  "n_features": 10,
  "consistency": 0.48133333333333334,
  "completeness": 0.996,
  "independence": 0.0,
  "composite": 0.49244444444444446,
  "feature_activation_freq": [
    0.23644444444444446,
    0.44177777777777777,
    0.018666666666666668,
    0.6031111111111112,
    0.02,
    0.0035555555555555557,
    0.5564444444444444,
    0.20622222222222222,
    0.5262222222222223,
    0.152
  ]
}