{
  "activation_frequency": [
    0.22266666666666668,
    0.20044444444444445,
    0.07422222222222222,
    0.21288888888888888,
    0.09422222222222222,
    0.09288888888888888,
    0.24222222222222223,
    0.12488888888888888,
    0.16355555555555557,
    0.16
  ],
  "mean_activation": [
    5.220329761505127,
    4.832054615020752,
    1.7123955488204956,
    9.337060928344727,
    3.1133193969726562,
    2.4300537109375,
    5.404941082000732,
    1.9086699485778809,
    2.9127752780914307,
    4.15622091293335
  ],
  "max_activation": [
    80.87934875488281,
    96.1350326538086,
    68.76260375976562,
    85.73389434814453,
    80.18989562988281,
    56.090206146240234,
    68.27496337890625,
    60.0786247253418,
    68.9674301147461,
    88.76941680908203
  ],
  "n_dead_features": 0
}