{"loss_total": [1.717742395401001, 1.4561718463897706, 1.306224536895752, 1.2216396808624268, 1.1599852323532105, 1.1157460451126098, 1.0730235576629639, 1.0520943403244019, 1.0250771760940551, 1.0041010856628418, 0.9802279472351074, 0.9627643942832946, 0.9446996688842774, 0.9307005643844605, 0.9174293637275696, 0.9061602830886841, 0.8977893233299256, 0.8872728109359741, 0.8760951399803162, 0.8704313516616822, 0.8649442791938782, 0.8546827793121338, 0.8435982823371887, 0.8385190844535828, 0.8378624558448792, 0.8241197347640992, 0.8197301745414733, 0.8136024951934815, 0.8101696610450745, 0.8041306495666504, 0.79774968624115, 0.7908007264137268, 0.7861541152000427, 0.7826804280281067, 0.7777298927307129, 0.7701098203659058, 0.7671562433242798, 0.766216266155243, 0.7640820026397706, 0.7599634170532227, 0.7605556607246399, 0.7541498899459839, 0.7533184170722962, 0.747932779788971, 0.7456553339958191, 0.7487161517143249, 0.7484847903251648, 0.7429378390312195, 0.7404381394386291, 0.7390649795532227], "loss_rec": [1.7172889947891234, 1.4542110681533813, 1.3032651901245118, 1.2183751821517945, 1.1567251205444335, 1.1126061916351317, 1.0700576543807983, 1.0493091583251952, 1.0224148035049438, 1.0014547944068908, 0.9774716973304749, 0.9597784757614136, 0.9414631843566894, 0.9272935032844544, 0.9139554619789123, 0.9027241110801697, 0.8944326400756836, 0.8839966654777527, 0.8728792548179627, 0.8672529101371765, 0.861777412891388, 0.8515217185020447, 0.8404679656028747, 0.8354359865188599, 0.8348205089569092, 0.8211210370063782, 0.8168014645576477, 0.8107226014137268, 0.8073335886001587, 0.8013271927833557, 0.7949611186981201, 0.7880087971687317, 0.7833489894866943, 0.7798675775527955, 0.7749224901199341, 0.7673019647598267, 0.7643521785736084, 0.7634134411811828, 0.7612626552581787, 0.7571149945259095, 0.7576825857162476, 0.7512671709060669, 0.7504456281661988, 0.7450681447982788, 0.7427994728088378, 0.7458733558654785, 0.745626974105835, 0.7400393128395081, 0.7375105381011963, 0.7361564040184021], "loss_con": [0.004533932835329324, 0.01960736121982336, 0.029593482986092566, 0.03264512047171593, 0.03260117098689079, 0.03139871917665005, 0.02965884953737259, 0.027851838618516922, 0.02662370540201664, 0.026462838053703308, 0.027562496811151506, 0.029859085753560066, 0.03236465901136398, 0.034070573002099994, 0.03473905175924301, 0.034361690282821655, 0.0335668109357357, 0.03276153951883316, 0.032158877700567245, 0.03178432211279869, 0.03166876211762428, 0.03161058947443962, 0.03130332306027413, 0.030831015855073928, 0.030419573187828064, 0.029986996948719025, 0.029287014529109, 0.02879892513155937, 0.02836064398288727, 0.028034522011876107, 0.027885597571730612, 0.027919422090053558, 0.028051190450787543, 0.028128492087125777, 0.028074105083942414, 0.028078604489564896, 0.02804073691368103, 0.02802828885614872, 0.028193478286266328, 0.028484180197119714, 0.02873079478740692, 0.028827215358614922, 0.028727832064032555, 0.028646333515644072, 0.0285586629062891, 0.02842794544994831, 0.02857821099460125, 0.028985289856791496, 0.02927609011530876, 0.029085721448063852], "var_explained": [[0, -0.5347546339035034], [10, 0.03436166048049927], [20, 0.1448960304260254], [30, 0.20846980810165405], [40, 0.2474852204322815], [49, 0.26652514934539795]]}