{
  "layer": 8,
  "n_features": 50,
  "k": 6,
  "d_model": 5120,
  "constraint_type": "hierarchical",
  "var_explained": 0.82315893471241,
  "final_loss": 0.18139910697937012,
  "n_dead_features": 0
}