{
  "layer": 8,
  "n_features": 50,
  "consistency": 0.004,
  "completeness": 1.0,
  "independence": 0.0,
  "composite": 0.33466666666666667,
  "feature_activation_freq": [
    0.0,
    0.0,
    0.0,
    0.0,
    0.0,
    0.06977777777777777,
    0.0,
    0.0,
    0.0,
    0.0,
    0.0,
    0.0,
    0.0,
    0.8524444444444444,
    0.0,
    0.0,
    0.028444444444444446,
    0.0,
    0.0,
    0.03244444444444444,
    0.14533333333333334,
    0.03288888888888889,
    0.0,
    0.018666666666666668,
    0.8831111111111111,
    0.9551111111111111,
    0.1991111111111111,
    0.0071111111111111115,
    0.0,
    0.03155555555555556,
    0.0,
    0.0,
    0.0,
    0.9964444444444445,
    0.0,
    0.012,
    0.0,
    0.0,
    0.012888888888888889,
    0.0,
    0.0,
    0.022222222222222223,
    0.0022222222222222222,
    0.0,
    0.02311111111111111,
    0.7222222222222222,
    0.9306666666666666,
    0.0,
    0.0,
    0.022222222222222223
  ]
}