{
  "activation_frequency": [
    0.4275555555555556,
    0.10133333333333333,
    0.03111111111111111,
    0.027555555555555555,
    0.1991111111111111,
    0.10488888888888889,
    0.07955555555555556,
    0.04133333333333333,
    0.14444444444444443,
    0.3488888888888889,
    0.050666666666666665,
    0.0951111111111111,
    0.07555555555555556,
    0.21022222222222223,
    0.06177777777777778,
    0.144,
    0.043555555555555556,
    0.15022222222222223,
    0.04,
    0.06444444444444444,
    0.17555555555555555,
    0.15288888888888888,
    0.30844444444444447,
    0.112,
    0.1497777777777778,
    0.027555555555555555,
    0.059111111111111114,
    0.29155555555555557,
    0.014666666666666666,
    0.08711111111111111,
    0.043111111111111114,
    0.06533333333333333,
    0.1831111111111111,
    0.08311111111111111,
    0.041777777777777775,
    0.014666666666666666,
    0.051555555555555556,
    0.2613333333333333,
    0.059111111111111114,
    0.07777777777777778,
    0.14044444444444446,
    0.03111111111111111,
    0.236,
    0.144,
    0.06311111111111112,
    0.05688888888888889,
    0.3893333333333333,
    0.1431111111111111,
    0.04488888888888889,
    0.048
  ],
  "mean_activation": [
    7.546609401702881,
    1.981542944908142,
    1.132460355758667,
    1.5162485837936401,
    2.443138360977173,
    6.459491729736328,
    2.214247941970825,
    0.6919391751289368,
    2.9129395484924316,
    4.332754135131836,
    1.3207743167877197,
    1.7019221782684326,
    1.2225620746612549,
    3.8631813526153564,
    1.3455939292907715,
    1.7335517406463623,
    1.8001798391342163,
    2.488194227218628,
    1.9645371437072754,
    2.336540460586548,
    3.944622039794922,
    2.933065414428711,
    5.267132759094238,
    2.599339485168457,
    1.4707882404327393,
    1.2163304090499878,
    2.5135998725891113,
    3.9558420181274414,
    0.7220885753631592,
    1.4756160974502563,
    1.5435514450073242,
    3.5815041065216064,
    2.3466074466705322,
    3.1998465061187744,
    1.6657660007476807,
    0.8783436417579651,
    1.1843937635421753,
    3.3248279094696045,
    1.649361491203308,
    1.3177449703216553,
    1.953188419342041,
    1.8211835622787476,
    3.235328197479248,
    1.8048532009124756,
    2.0470693111419678,
    0.9210808277130127,
    4.929867267608643,
    1.9340258836746216,
    1.8799830675125122,
    1.061445951461792
  ],
  "max_activation": [
    45.67482376098633,
    48.09423828125,
    62.138084411621094,
    78.60430145263672,
    33.678279876708984,
    118.70755767822266,
    85.8819580078125,
    68.94373321533203,
    54.132694244384766,
    43.81775665283203,
    61.12370300292969,
    52.72095489501953,
    53.285301208496094,
    66.623291015625,
    74.00212860107422,
    51.11948013305664,
    85.18244171142578,
    61.44798278808594,
    78.35564422607422,
    85.32176971435547,
    49.48725891113281,
    48.03895950317383,
    40.73727035522461,
    66.00827026367188,
    35.61752700805664,
    68.22528076171875,
    79.93144989013672,
    48.65597915649414,
    85.67346954345703,
    37.41722106933594,
    58.16554260253906,
    86.19572448730469,
    41.44581604003906,
    72.24958038330078,
    98.69107055664062,
    79.51348876953125,
    68.47721099853516,
    36.36735534667969,
    59.84843444824219,
    35.76127624511719,
    47.68815994262695,
    85.2321548461914,
    35.27100372314453,
    37.07026290893555,
    58.70295333862305,
    74.7300796508789,
    43.39848709106445,
    41.29911422729492,
    75.00504302978516,
    50.214839935302734
  ],
  "n_dead_features": 0
}