{"loss_total": [1.3553452968597413, 1.1115886211395263, 0.9953136563301086, 0.844916045665741, 0.7184093475341797, 0.6289523124694825, 0.5498437523841858, 0.4769874751567841, 0.4249842822551727, 0.38544929027557373, 0.3552910566329956, 0.3331183433532715, 0.3123640537261963, 0.2954484224319458, 0.28175580501556396, 0.27178356647491453, 0.2630708932876587, 0.2547784477472305, 0.24775637984275817, 0.24210218489170074, 0.23627751767635347, 0.2336062014102936, 0.2271135151386261, 0.22470203042030334, 0.22064196169376374, 0.21891870200634003, 0.21530589163303376, 0.2119356721639633, 0.20945967733860016, 0.20753831267356873, 0.20507736802101134, 0.2025336056947708, 0.2011990189552307, 0.19851453900337218, 0.19618521630764008, 0.19538112580776215, 0.19430721700191497, 0.1919170469045639, 0.19157472848892212, 0.19021354019641876, 0.18897339105606079, 0.1880591869354248, 0.18700369596481323, 0.1858496993780136, 0.1848049283027649, 0.18373394012451172, 0.18365035355091094, 0.18143898844718934, 0.18145098388195038, 0.18139910697937012], "loss_rec": [1.3552047252655028, 1.1112541437149048, 0.9947136640548706, 0.8434115171432495, 0.7148214817047119, 0.6230899572372437, 0.5424908638000489, 0.46917041540145876, 0.4174496352672577, 0.37824547290802, 0.3484012961387634, 0.3265100300312042, 0.30608952045440674, 0.289515084028244, 0.27618194818496705, 0.26651204824447633, 0.258018434047699, 0.24992020726203917, 0.24306366145610808, 0.23757497370243072, 0.23189516961574555, 0.22935095727443694, 0.22295894026756286, 0.22064489424228667, 0.21666748225688934, 0.21502898931503295, 0.21150173246860504, 0.20820581912994385, 0.20579135715961455, 0.20392518639564514, 0.20150833427906037, 0.19899775385856627, 0.19769856035709382, 0.19505398273468016, 0.19276040494441987, 0.19198436439037322, 0.19094963669776915, 0.18858938217163085, 0.18827273547649384, 0.1869387686252594, 0.18572383224964142, 0.18482422530651094, 0.18379029929637908, 0.18264552354812622, 0.18162041008472443, 0.18057380020618438, 0.18049442172050476, 0.17830063700675963, 0.17831380069255828, 0.17827968299388885], "loss_con": [0.0014058384927920996, 0.003344725631177425, 0.005999976117163896, 0.015045213140547275, 0.03587880954146385, 0.05862360298633575, 0.07352887541055679, 0.07817064076662064, 0.07534639984369278, 0.07203818708658219, 0.06889751851558686, 0.06608318835496903, 0.06274539157748223, 0.05933340191841126, 0.05573858693242073, 0.052715175598859784, 0.050524544715881345, 0.04858240932226181, 0.04692720174789429, 0.04527213349938393, 0.043823495507240295, 0.042552453279495236, 0.04154571518301964, 0.0405713215470314, 0.03974479585886002, 0.03889711424708366, 0.038041630387306215, 0.03729852512478828, 0.0366831935942173, 0.03613124936819077, 0.03569034934043884, 0.03535854443907738, 0.035004597157239914, 0.03460557907819748, 0.0342481292784214, 0.03396764174103737, 0.03357581198215485, 0.03327668607234955, 0.03301992490887642, 0.032747729867696765, 0.03249560296535492, 0.032349611073732375, 0.03213396817445755, 0.032041747123003006, 0.03184518292546272, 0.0316013902425766, 0.03155932575464249, 0.03138352185487747, 0.031371810287237165, 0.031194208934903146], "var_explained": [[0, -0.15513896942138672], [10, 0.6667368710041046], [20, 0.770946592092514], [30, 0.8006984293460846], [40, 0.8157843500375748], [49, 0.82315893471241]]}