{
  "layer": 14,
  "n_features": 30,
  "k": 5,
  "d_model": 5120,
  "constraint_type": "hierarchical",
  "var_explained": 0.565220445394516,
  "final_loss": 0.4377558588981628,
  "n_dead_features": 0
}