{
  "layer": 14,
  "n_features": 30,
  "consistency": 0.15422222222222223,
  "completeness": 1.0,
  "independence": 0.0,
  "composite": 0.38474074074074077,
  "feature_activation_freq": [
    0.007555555555555556,
    0.06488888888888888,
    0.02666666666666667,
    0.2742222222222222,
    0.07022222222222223,
    0.128,
    0.07866666666666666,
    0.03688888888888889,
    0.5213333333333333,
    0.7248888888888889,
    0.022222222222222223,
    0.23733333333333334,
    0.04888888888888889,
    0.02,
    0.31022222222222223,
    0.6502222222222223,
    0.050222222222222224,
    0.32755555555555554,
    0.010222222222222223,
    0.05288888888888889,
    0.022222222222222223,
    0.009333333333333334,
    0.06622222222222222,
    0.12711111111111112,
    0.012,
    0.10222222222222223,
    0.06,
    0.02666666666666667,
    0.8604444444444445,
    0.04711111111111111
  ]
}