{
  "activation_frequency": [
    0.25822222222222224,
    0.2768888888888889,
    0.128,
    0.11511111111111111,
    0.08444444444444445,
    0.288,
    0.13155555555555556,
    0.05466666666666667,
    0.17955555555555555,
    0.10666666666666667,
    0.056,
    0.36044444444444446,
    0.17244444444444446,
    0.09866666666666667,
    0.1671111111111111,
    0.2248888888888889,
    0.07333333333333333,
    0.15244444444444444,
    0.34,
    0.13955555555555554,
    0.03688888888888889,
    0.049777777777777775,
    0.16666666666666666,
    0.1111111111111111,
    0.08044444444444444,
    0.19511111111111112,
    0.09377777777777778,
    0.05555555555555555,
    0.16133333333333333,
    0.18977777777777777
  ],
  "mean_activation": [
    4.001557350158691,
    4.253416538238525,
    2.338209867477417,
    2.9612770080566406,
    2.4689083099365234,
    3.568826913833618,
    2.3373351097106934,
    1.9416583776474,
    2.757519483566284,
    2.671215534210205,
    2.093621015548706,
    7.490789890289307,
    3.3760135173797607,
    2.4445505142211914,
    4.657012462615967,
    3.1614737510681152,
    2.7406203746795654,
    3.0951082706451416,
    6.091238021850586,
    3.785719633102417,
    1.9252445697784424,
    0.99388587474823,
    2.621068000793457,
    1.8699806928634644,
    1.9853098392486572,
    3.869377613067627,
    3.3324227333068848,
    1.3963508605957031,
    2.8749117851257324,
    3.3846139907836914
  ],
  "max_activation": [
    61.26902770996094,
    65.45555877685547,
    91.17401885986328,
    97.3973388671875,
    70.50300598144531,
    53.264739990234375,
    82.69297790527344,
    80.94680786132812,
    68.01554870605469,
    93.17334747314453,
    116.55186462402344,
    74.68000793457031,
    61.992034912109375,
    168.23681640625,
    75.19407653808594,
    61.45096206665039,
    72.15807342529297,
    74.55369567871094,
    67.37799835205078,
    104.07401275634766,
    96.623046875,
    105.55621337890625,
    92.62254333496094,
    71.59166717529297,
    121.64061737060547,
    89.50479125976562,
    83.431396484375,
    62.18622970581055,
    67.3519515991211,
    88.9829330444336
  ],
  "n_dead_features": 0
}