{"loss_total": [1.5979006052017213, 1.3010719299316407, 1.1835774660110474, 1.0955370903015136, 1.0200977802276612, 0.951948595046997, 0.8991320729255676, 0.8480494976043701, 0.8063810467720032, 0.7740686535835266, 0.7302592277526856, 0.7050187349319458, 0.6722636342048645, 0.6433728933334351, 0.6189357757568359, 0.593552577495575, 0.5799077868461608, 0.5597069740295411, 0.5414857268333435, 0.5309788346290588, 0.5261261343955994, 0.5180309057235718, 0.508613109588623, 0.5020513892173767, 0.49588627815246583, 0.49104343056678773, 0.48669549226760866, 0.48290547728538513, 0.4801792502403259, 0.4758361577987671, 0.47274555563926696, 0.47122315168380735, 0.4680509328842163, 0.46152437925338746, 0.45982292890548704, 0.4536338746547699, 0.45549702644348145, 0.4565266311168671, 0.45333871245384216, 0.44912033081054686, 0.4497229814529419, 0.44831169843673707, 0.44319806098937986, 0.44667489528656007, 0.446956467628479, 0.4453239381313324, 0.4413361132144928, 0.44291892647743225, 0.43911644220352175, 0.4377558588981628], "loss_rec": [1.5976889371871947, 1.3004544019699096, 1.182725977897644, 1.094478726387024, 1.0187522649765015, 0.950110673904419, 0.8965412378311157, 0.84466712474823, 0.8024696111679077, 0.7699176669120789, 0.7259896039962769, 0.700711476802826, 0.6680503487586975, 0.6393924832344056, 0.6152255177497864, 0.5900671720504761, 0.5766030073165893, 0.5565492153167725, 0.5384531676769256, 0.5280340373516083, 0.5232374906539917, 0.5151749670505523, 0.5057740986347199, 0.49923027157783506, 0.4930810689926147, 0.48822417855262756, 0.4838387191295624, 0.4800048232078552, 0.4772292792797089, 0.4728406548500061, 0.4697079539299011, 0.4681407928466797, 0.46493199467658997, 0.4583777904510498, 0.45663886070251464, 0.4503954350948334, 0.4522123157978058, 0.4532100737094879, 0.45000351071357725, 0.4457629382610321, 0.44634634256362915, 0.4449064373970032, 0.4397691249847412, 0.44323362708091735, 0.44350172877311705, 0.4418501079082489, 0.4378486394882202, 0.4394265115261078, 0.4356069564819336, 0.43423070311546325], "loss_con": [0.0021171064465306698, 0.006174890510737896, 0.008514757733792067, 0.010583982989192008, 0.013455058075487613, 0.018379205465316774, 0.02590826116502285, 0.03382377848029137, 0.03911449089646339, 0.04150991439819336, 0.04269624501466751, 0.04307252392172813, 0.04213290512561798, 0.039804036170244216, 0.037102590501308444, 0.03485400080680847, 0.033047772198915484, 0.031577643007040024, 0.030325699225068094, 0.02944786436855793, 0.028886543214321138, 0.028559555858373643, 0.028390095755457877, 0.02821129038929939, 0.028052079677581786, 0.028192561492323874, 0.028567744046449663, 0.02900647036731243, 0.029499700665473937, 0.02995498329401016, 0.030375970527529716, 0.0308236263692379, 0.031189339607954024, 0.03146586418151855, 0.03184066712856293, 0.03238436728715897, 0.03284708559513092, 0.03316560760140419, 0.033351953327655795, 0.03357391655445099, 0.033766327798366545, 0.034052598476409915, 0.03428936526179314, 0.034412716329097745, 0.034547426551580426, 0.034738247841596605, 0.034874722361564636, 0.034924226254224776, 0.03509481400251389, 0.03525155037641525], "var_explained": [[0, -0.3707648515701294], [10, 0.2881932854652405], [20, 0.48396939039230347], [30, 0.5340949594974518], [40, 0.5550635755062103], [49, 0.565220445394516]]}