{
  "layer": 8,
  "n_features": 30,
  "k": 5,
  "d_model": 5120,
  "constraint_type": "hierarchical",
  "var_explained": 0.766818642616272,
  "final_loss": 0.23859614431858062,
  "n_dead_features": 0
}