{
  "layer": 8,
  "n_features": 30,
  "consistency": 0.004,
  "completeness": 1.0,
  "independence": 0.0,
  "composite": 0.33466666666666667,
  "feature_activation_freq": [
    0.0,
    0.017333333333333333,
    0.044,
    0.12088888888888889,
    0.0,
    0.0,
    0.050666666666666665,
    0.9968888888888889,
    0.0,
    0.0,
    0.0,
    0.0,
    1.0,
    0.0,
    0.0,
    0.0,
    0.03111111111111111,
    0.0,
    0.022222222222222223,
    0.024,
    0.0,
    0.9986666666666667,
    0.028,
    0.02666666666666667,
    0.9337777777777778,
    0.0,
    0.5413333333333333,
    0.0,
    0.0,
    0.16444444444444445
  ]
}