{
  "activation_frequency": [
    0.04933333333333333,
    0.08266666666666667,
    0.13422222222222221,
    0.16177777777777777,
    0.4191111111111111,
    0.06888888888888889,
    0.050222222222222224,
    0.07822222222222222,
    0.09866666666666667,
    0.14888888888888888,
    0.1942222222222222,
    0.15244444444444444,
    0.176,
    0.043555555555555556,
    0.17066666666666666,
    0.07155555555555555,
    0.07466666666666667,
    0.3208888888888889,
    0.058222222222222224,
    0.04,
    0.26666666666666666,
    0.36977777777777776,
    0.16533333333333333,
    0.044444444444444446,
    0.3968888888888889,
    0.3488888888888889,
    0.18755555555555556,
    0.2773333333333333,
    0.06311111111111112,
    0.24444444444444444
  ],
  "mean_activation": [
    1.7418100833892822,
    2.885758399963379,
    7.360353946685791,
    4.703005790710449,
    7.796442031860352,
    2.768096923828125,
    1.6574127674102783,
    3.3015880584716797,
    1.4091099500656128,
    2.2333436012268066,
    2.475189685821533,
    2.858530282974243,
    4.791251182556152,
    2.1165242195129395,
    2.1958975791931152,
    4.268988132476807,
    3.6833837032318115,
    4.547056198120117,
    2.812371253967285,
    1.8059083223342896,
    3.369736433029175,
    5.496026039123535,
    2.9183034896850586,
    2.1404614448547363,
    5.447430610656738,
    5.885910511016846,
    2.530912160873413,
    4.2622575759887695,
    2.881269693374634,
    2.996767520904541
  ],
  "max_activation": [
    77.27490234375,
    66.28482818603516,
    106.54310607910156,
    60.13604736328125,
    52.668025970458984,
    92.54041290283203,
    83.71452331542969,
    85.42914581298828,
    48.13221740722656,
    55.67087173461914,
    42.796485900878906,
    69.3739013671875,
    86.54200744628906,
    72.94083404541016,
    41.16608810424805,
    108.99563598632812,
    81.2457046508789,
    46.03159713745117,
    82.33512878417969,
    108.64093780517578,
    44.4671745300293,
    40.349239349365234,
    53.93971633911133,
    84.06619262695312,
    41.39085006713867,
    40.13243865966797,
    39.428382873535156,
    49.42134094238281,
    92.31101989746094,
    40.68313980102539
  ],
  "n_dead_features": 0
}