{"loss_total": [1.4834496259689331, 1.1339681148529053, 1.0280288457870483, 0.9034720301628113, 0.7829032301902771, 0.6872251152992248, 0.6274715065956116, 0.5648970246315003, 0.5160634934902191, 0.47414237856864927, 0.44075593948364256, 0.413004070520401, 0.386721271276474, 0.36890079975128176, 0.355439293384552, 0.3413231551647186, 0.33197624087333677, 0.32155572175979613, 0.31610615849494933, 0.3083064556121826, 0.30323660373687744, 0.2984578192234039, 0.29556661248207095, 0.2889105439186096, 0.2862693190574646, 0.28330413699150087, 0.2798944652080536, 0.27543529868125916, 0.27197498083114624, 0.2693073689937592, 0.265590238571167, 0.2646381437778473, 0.2623581886291504, 0.25969969034194945, 0.25709266066551206, 0.25714986622333524, 0.25447673797607423, 0.252069491147995, 0.2504396915435791, 0.24854535162448882, 0.24590562283992767, 0.24600976407527925, 0.24450477659702302, 0.24307323396205902, 0.24289208948612212, 0.24148252010345458, 0.2406294971704483, 0.24023249447345735, 0.23842055797576905, 0.23859614431858062], "loss_rec": [1.4832222938537598, 1.133339524269104, 1.0269281029701234, 0.9012672662734985, 0.7783566355705261, 0.6799288272857666, 0.6187196850776673, 0.5559501767158508, 0.5074593484401703, 0.46610848903656005, 0.43330555558204653, 0.40602298974990847, 0.38003568053245546, 0.3623836874961853, 0.349092161655426, 0.33522613644599913, 0.3261406898498535, 0.31595449447631835, 0.31071725487709045, 0.30312965512275697, 0.2982184052467346, 0.2935735464096069, 0.2908061146736145, 0.284249073266983, 0.2816957890987396, 0.2788216173648834, 0.27551215291023257, 0.27113760709762574, 0.26774892807006834, 0.2651398181915283, 0.26147634983062745, 0.2605811655521393, 0.25834399461746216, 0.2557228684425354, 0.25316247045993806, 0.25324957966804507, 0.25060210227966306, 0.2482131153345108, 0.24659295678138732, 0.24470343291759492, 0.24208043813705443, 0.2421947181224823, 0.2406945526599884, 0.23927097022533417, 0.2391149491071701, 0.23770651817321778, 0.23685548603534698, 0.2364733785390854, 0.2346824288368225, 0.23488457202911378], "loss_con": [0.002273164235521108, 0.00628587156534195, 0.011007433384656906, 0.02204762361943722, 0.04546601995825768, 0.07296295464038849, 0.08751825839281083, 0.08946847021579743, 0.0860414370894432, 0.08033891767263412, 0.07450384199619293, 0.06981077045202255, 0.06685589849948884, 0.06517119854688644, 0.06347136944532394, 0.06097017303109169, 0.05835547596216202, 0.056012317538261414, 0.05388905107975006, 0.051767997443675995, 0.05018199160695076, 0.048842762410640714, 0.04760504812002182, 0.04661470055580139, 0.045735206454992294, 0.04482526630163193, 0.04382309317588806, 0.04297695830464363, 0.042260555922985076, 0.04167550653219223, 0.04113891124725342, 0.04056980237364769, 0.0401419922709465, 0.039768274128437045, 0.03930196017026901, 0.03900289312005043, 0.03874640092253685, 0.03856377154588699, 0.03846737444400787, 0.03841913118958473, 0.03825185894966125, 0.0381504625082016, 0.038102225959300996, 0.03802260756492615, 0.03777138814330101, 0.037760041654109955, 0.03774011731147766, 0.03759117051959038, 0.0373812660574913, 0.03711573779582977], "var_explained": [[0, -0.20281600952148438], [10, 0.5853692293167114], [20, 0.7050391137599945], [30, 0.7394278943538666], [40, 0.7577748447656631], [49, 0.766818642616272]]}