{
  "layer": 14,
  "n_features": 15,
  "k": 3,
  "d_model": 5120,
  "constraint_type": "hierarchical",
  "var_explained": 0.40021151304244995,
  "final_loss": 0.5988414764404297,
  "n_dead_features": 0
}