{
  "layer": 14,
  "n_features": 15,
  "consistency": 0.2048888888888889,
  "completeness": 1.0,
  "independence": 0.0,
  "composite": 0.4016296296296296,
  "feature_activation_freq": [
    0.00044444444444444447,
    0.00044444444444444447,
    0.0035555555555555557,
    0.092,
    0.030222222222222223,
    0.31155555555555553,
    0.008,
    0.872,
    0.9408888888888889,
    0.007555555555555556,
    0.0,
    0.5675555555555556,
    0.04844444444444444,
    0.06088888888888889,
    0.013777777777777778
  ]
}