{
  "activation_frequency": [
    0.18977777777777777,
    0.2693333333333333,
    0.23955555555555555,
    0.14933333333333335,
    0.13111111111111112,
    0.28755555555555556,
    0.216,
    0.09688888888888889,
    0.13955555555555554,
    0.04755555555555555,
    0.06533333333333333,
    0.2288888888888889,
    0.13866666666666666,
    0.08977777777777778,
    0.030666666666666665
  ],
  "mean_activation": [
    3.8399617671966553,
    5.886726379394531,
    4.906648635864258,
    3.210524797439575,
    4.038649082183838,
    5.5004706382751465,
    3.8774218559265137,
    3.667736053466797,
    3.150753974914551,
    1.7413827180862427,
    1.7887474298477173,
    4.351883411407471,
    4.572220802307129,
    3.4303276538848877,
    1.2709276676177979
  ],
  "max_activation": [
    81.91441345214844,
    72.30635070800781,
    68.48258972167969,
    88.71748352050781,
    94.813720703125,
    70.28373718261719,
    73.14250946044922,
    76.63838958740234,
    97.85498809814453,
    138.5486297607422,
    67.91490173339844,
    83.76846313476562,
    76.31134796142578,
    92.0115737915039,
    113.9273452758789
  ],
  "n_dead_features": 0
}