{"loss_total": [1.6050458431243897, 1.3582833051681518, 1.2288414478302, 1.15223286151886, 1.101053786277771, 1.0534637212753295, 1.0157978892326356, 0.9892380833625793, 0.9508570551872253, 0.9189219832420349, 0.8968858003616333, 0.8684545874595642, 0.8523316383361816, 0.8308729410171509, 0.8123202204704285, 0.793259596824646, 0.775476086139679, 0.7614030599594116, 0.7466699719429016, 0.7355849981307984, 0.7214900970458984, 0.7032554149627686, 0.6986372232437134, 0.6884116768836975, 0.676593792438507, 0.6700574040412903, 0.6674520611763001, 0.6654736995697021, 0.6558503270149231, 0.6579233765602112, 0.6536321043968201, 0.6438727498054504, 0.6461334586143493, 0.638642954826355, 0.6341010212898255, 0.631229829788208, 0.6321025013923645, 0.6279339671134949, 0.6256431579589844, 0.6206995248794556, 0.6192095041275024, 0.6151513576507568, 0.6129005074501037, 0.6121726036071777, 0.6096973419189453, 0.6126787066459656, 0.6063614130020142, 0.6040139079093934, 0.6047532081604003, 0.5988414764404297], "loss_rec": [1.6047022104263307, 1.3569225549697876, 1.2267604112625121, 1.1498828172683715, 1.0987027406692504, 1.0512073516845704, 1.0135860562324523, 0.9869277596473693, 0.948223352432251, 0.9157388210296631, 0.8931133508682251, 0.8643105387687683, 0.848123025894165, 0.8267908811569213, 0.808408546447754, 0.7895228624343872, 0.771887481212616, 0.7579123020172119, 0.7431617617607117, 0.7319234251976013, 0.7176392078399658, 0.6992327451705933, 0.6944642543792725, 0.6841490268707275, 0.672329556941986, 0.6658422470092773, 0.6632623434066772, 0.6613083600997924, 0.6517035961151123, 0.6537856578826904, 0.6494908809661866, 0.6396811723709106, 0.6419113993644714, 0.6343853235244751, 0.629849636554718, 0.6270050883293152, 0.6278883337974548, 0.6237552762031555, 0.6215088486671447, 0.6165918588638306, 0.6151478290557861, 0.6110917091369629, 0.608800733089447, 0.6080770134925843, 0.6056465268135071, 0.6086646437644958, 0.6023857593536377, 0.6000567674636841, 0.6008123159408569, 0.5948842406272888], "loss_con": [0.0034363022656179964, 0.013607435673475266, 0.02081030569970608, 0.02350047267973423, 0.023510463535785675, 0.022563527151942254, 0.022118445858359335, 0.023103342950344087, 0.026336954534053804, 0.03183162659406662, 0.03772447109222412, 0.04144045263528824, 0.04208608493208885, 0.04082061946392059, 0.03911682218313217, 0.037367355078458786, 0.03588604107499123, 0.03490738868713379, 0.035082048177719115, 0.03661568462848663, 0.03850899785757065, 0.040226778388023375, 0.041729703545570374, 0.04262648895382881, 0.04264237433671951, 0.04215174540877342, 0.04189719706773758, 0.04165319576859474, 0.04146726205945015, 0.0413772851228714, 0.04141222909092903, 0.04191598817706108, 0.042220576852560046, 0.042576303333044054, 0.042513851821422574, 0.04224731922149658, 0.04214162826538086, 0.04178683087229729, 0.04134310930967331, 0.041076650470495225, 0.04061665534973145, 0.04059655144810677, 0.04099765047430992, 0.04095584526658058, 0.04050813466310501, 0.04014058336615563, 0.039756572991609576, 0.03957144394516945, 0.039408808946609496, 0.03957242071628571], "var_explained": [[0, -0.422444224357605], [10, 0.12551820278167725], [20, 0.29340195655822754], [30, 0.3568146228790283], [40, 0.38747578859329224], [49, 0.40021151304244995]]}