{
  "layer": 28,
  "n_features": 25,
  "consistency": 0.12711111111111112,
  "completeness": 1.0,
  "independence": 0.0,
  "composite": 0.3757037037037037,
  "feature_activation_freq": [
    0.025333333333333333,
    0.19244444444444445,
    0.037333333333333336,
    0.14355555555555555,
    0.029333333333333333,
    0.03155555555555556,
    0.30933333333333335,
    0.3968888888888889,
    0.06577777777777778,
    0.08577777777777777,
    0.8373333333333334,
    0.06311111111111112,
    0.6115555555555555,
    0.07555555555555556,
    0.014222222222222223,
    0.022222222222222223,
    0.07733333333333334,
    0.0791111111111111,
    0.5071111111111111,
    0.012888888888888889,
    0.244,
    0.036,
    0.0071111111111111115,
    0.029333333333333333,
    0.06577777777777778
  ]
}