{
  "activation_frequency": [
    0.11911111111111111,
    0.18,
    0.13466666666666666,
    0.11244444444444444,
    0.18666666666666668,
    0.23555555555555555,
    0.15022222222222223,
    0.08755555555555555,
    0.20222222222222222,
    0.144,
    0.06844444444444445,
    0.16444444444444445,
    0.06311111111111112,
    0.212,
    0.08266666666666667,
    0.09066666666666667,
    0.1,
    0.10533333333333333,
    0.07466666666666667,
    0.07955555555555556,
    0.16133333333333333,
    0.18977777777777777,
    0.132,
    0.10222222222222223,
    0.16577777777777777
  ],
  "mean_activation": [
    2.025251865386963,
    2.693524122238159,
    2.118867874145508,
    1.7352373600006104,
    3.7667808532714844,
    7.1125874519348145,
    2.7312028408050537,
    1.9675768613815308,
    2.6973769664764404,
    2.767042398452759,
    1.6686667203903198,
    3.4020378589630127,
    1.0938133001327515,
    3.557684898376465,
    1.275951623916626,
    1.4508755207061768,
    1.7881563901901245,
    1.5718176364898682,
    1.2604063749313354,
    1.8000645637512207,
    3.901829481124878,
    3.5845730304718018,
    2.896552562713623,
    1.7079333066940308,
    3.106410503387451
  ],
  "max_activation": [
    63.26879119873047,
    59.0276985168457,
    51.37329864501953,
    67.46893310546875,
    58.30784606933594,
    70.1504898071289,
    75.60718536376953,
    65.70917510986328,
    50.35602951049805,
    56.0998649597168,
    77.29541015625,
    70.0699691772461,
    88.12012481689453,
    55.2728271484375,
    80.35027313232422,
    73.22425079345703,
    75.8675765991211,
    72.96624755859375,
    91.52526092529297,
    105.8759994506836,
    57.640411376953125,
    61.13242721557617,
    63.88095474243164,
    81.40299987792969,
    76.70211791992188
  ],
  "n_dead_features": 0
}