{"loss_total": [1.6101654767990112, 1.3823785543441773, 1.271342897415161, 1.1958077669143676, 1.137322449684143, 1.0986325979232787, 1.0514864206314087, 1.0176158905029298, 0.9719186067581177, 0.9343902587890625, 0.9097737312316895, 0.895626449584961, 0.8728509545326233, 0.8521281957626343, 0.8325224280357361, 0.814384126663208, 0.7964630961418152, 0.7780348658561707, 0.76294447183609, 0.7459543466567993, 0.7340453743934632, 0.7229482293128967, 0.7181889057159424, 0.7027537822723389, 0.6926070094108582, 0.6878715038299561, 0.6772755026817322, 0.6691452264785767, 0.6657166123390198, 0.6570788741111755, 0.6525477886199951, 0.651211941242218, 0.645272719860077, 0.6395615935325623, 0.6350701093673706, 0.6365832090377808, 0.6306446194648743, 0.6299620747566224, 0.6278411269187927, 0.6183390140533447, 0.6197636008262635, 0.6189597249031067, 0.6129936456680298, 0.6092200756072998, 0.6069761276245117, 0.6094292640686035, 0.6054689645767212, 0.6059662818908691, 0.5968924522399902, 0.6017631411552429], "loss_rec": [1.6099631071090699, 1.3817431211471558, 1.2704547882080077, 1.194808006286621, 1.136277723312378, 1.0975744485855103, 1.0503915786743163, 1.0163683414459228, 0.9702701687812805, 0.9320468425750732, 0.9066832304000855, 0.8920147061347962, 0.868924617767334, 0.8480711579322815, 0.8285965085029602, 0.8107358098030091, 0.7930584669113159, 0.7748154163360595, 0.7598883986473084, 0.7430353403091431, 0.731246268749237, 0.7202630639076233, 0.7155969619750977, 0.7002351880073547, 0.6901309609413147, 0.6854089021682739, 0.6748198986053466, 0.6667077779769898, 0.6632897019386291, 0.654646372795105, 0.6500912189483643, 0.6487146615982056, 0.6427483201026917, 0.6370180606842041, 0.6324987411499023, 0.6339876890182495, 0.6280255198478699, 0.6273059725761414, 0.6251475930213928, 0.6156187891960144, 0.6170242071151734, 0.616208279132843, 0.6102351188659668, 0.606440544128418, 0.6041948437690735, 0.6066713690757751, 0.6027356028556824, 0.6032663226127625, 0.594214117527008, 0.5991048336029052], "loss_con": [0.0020238144090399144, 0.006354391854256391, 0.008881300874054431, 0.009997694380581379, 0.010447154566645623, 0.010581326112151146, 0.010948260128498078, 0.012475858442485332, 0.016484399139881135, 0.023433993756771087, 0.03090496324002743, 0.03611743077635765, 0.03926333412528038, 0.04057032018899918, 0.039259248226881024, 0.03648317456245422, 0.03404624313116074, 0.0321944572031498, 0.03056076020002365, 0.02919010818004608, 0.02799105830490589, 0.02685162201523781, 0.025919432938098907, 0.025185905396938324, 0.024760545790195466, 0.02462598606944084, 0.024556097760796546, 0.024374508857727052, 0.0242690522223711, 0.02432505115866661, 0.024565831944346427, 0.024972791597247124, 0.025243987143039704, 0.025435369089245798, 0.025713685527443887, 0.02595514990389347, 0.02619091607630253, 0.02656092643737793, 0.026935295760631563, 0.027202397212386133, 0.027393938228487968, 0.027514483034610748, 0.02758532576262951, 0.027795185148715974, 0.027812809124588965, 0.027578788995742797, 0.027333685383200645, 0.026999467238783836, 0.026783300563693047, 0.026583096012473106], "var_explained": [[0, -0.4443662166595459], [10, 0.10352230072021484], [20, 0.2758331894874573], [30, 0.3516198396682739], [40, 0.3855865001678467], [49, 0.4051348567008972]]}