{
  "layer": 14,
  "n_features": 10,
  "k": 3,
  "d_model": 5120,
  "constraint_type": "hierarchical",
  "var_explained": 0.30645912885665894,
  "final_loss": 0.6989019513130188,
  "n_dead_features": 0
}