{
  "layer": 14,
  "n_features": 10,
  "consistency": 0.35333333333333333,
  "completeness": 0.9991111111111111,
  "independence": 0.0,
  "composite": 0.4508148148148148,
  "feature_activation_freq": [
    0.3048888888888889,
    0.8924444444444445,
    0.24755555555555556,
    0.012,
    0.07288888888888889,
    0.8022222222222222,
    0.0,
    0.3302222222222222,
    0.0,
    0.0
  ]
}