{
  "activation_frequency": [
    0.18577777777777776,
    0.21822222222222223,
    0.18888888888888888,
    0.09688888888888889,
    0.1391111111111111,
    0.23822222222222222,
    0.08311111111111111,
    0.2853333333333333,
    0.2648888888888889,
    0.12844444444444444
  ],
  "mean_activation": [
    4.144112586975098,
    4.28217077255249,
    4.458436012268066,
    1.7837741374969482,
    5.616303443908691,
    5.078940391540527,
    2.309537172317505,
    10.287946701049805,
    4.961435317993164,
    3.306588649749756
  ],
  "max_activation": [
    76.99811553955078,
    77.90113830566406,
    83.66209411621094,
    99.75743103027344,
    83.05760955810547,
    87.11981964111328,
    121.96526336669922,
    82.21605682373047,
    68.83494567871094,
    73.10671997070312
  ],
  "n_dead_features": 0
}