{"loss_total": [1.9104538202285766, 1.5342303037643432, 1.3270944118499757, 1.204240322113037, 1.1303287744522095, 1.0626633405685424, 1.0293054223060607, 0.9933618545532227, 0.9670109868049621, 0.9413762569427491, 0.9136380076408386, 0.9040697813034058, 0.8896240830421448, 0.8788264989852905, 0.8674989819526673, 0.8540989756584167, 0.8410011172294617, 0.8378329515457154, 0.8278656244277954, 0.8174301147460937, 0.8085986018180847, 0.7946450114250183, 0.7827432870864868, 0.7835081934928894, 0.7773000359535217, 0.7774238228797913, 0.761535906791687, 0.7658663272857666, 0.7619744062423706, 0.753985869884491, 0.7473460912704468, 0.743722653388977, 0.7459933757781982, 0.7404756188392639, 0.7375197410583496, 0.7337886691093445, 0.7264300942420959, 0.728167736530304, 0.7221479892730713, 0.716486930847168, 0.71471608877182, 0.7132848381996155, 0.7090688228607178, 0.7106395602226258, 0.7089895606040955, 0.707019305229187, 0.7008933186531067, 0.708270788192749, 0.7021643042564392, 0.6989019513130188], "loss_rec": [1.9100683689117433, 1.5323304891586305, 1.3239678382873534, 1.2004657506942749, 1.1262397050857544, 1.0584148049354554, 1.024973165988922, 0.9889538407325744, 0.9624674916267395, 0.9366276264190674, 0.9086758971214295, 0.8990088939666748, 0.8845961809158325, 0.8738466620445251, 0.8625320553779602, 0.849165427684784, 0.8361568450927734, 0.8330685377120972, 0.8231684684753418, 0.812838876247406, 0.8040750026702881, 0.7901858448982239, 0.7783865571022034, 0.779288399219513, 0.773222804069519, 0.7734464287757874, 0.757652473449707, 0.7620672821998596, 0.7582350969314575, 0.7502534866333008, 0.7436245799064636, 0.7400346159934997, 0.7423796057701111, 0.7368774056434632, 0.7338818907737732, 0.7301052451133728, 0.7226817727088928, 0.7243374466896058, 0.7182733654975891, 0.7125813722610473, 0.7107585787773132, 0.7093068838119507, 0.7051029801368713, 0.7067483305931092, 0.7051778912544251, 0.7032179951667785, 0.6970946073532105, 0.704498565196991, 0.6983935475349426, 0.6951370000839233], "loss_con": [0.003854607860557735, 0.018998182378709316, 0.031265803053975104, 0.03774549141526222, 0.040890639275312425, 0.04248530343174935, 0.04332239180803299, 0.04408011808991432, 0.04543499052524567, 0.0474862664937973, 0.049621209502220154, 0.05060894563794136, 0.05027897283434868, 0.0497982569038868, 0.04966927170753479, 0.04933549463748932, 0.04844270795583725, 0.04764429926872253, 0.046971584856510165, 0.04591254070401192, 0.045236057788133624, 0.04459168538451195, 0.04356732442975044, 0.042197930812835696, 0.04077233672142029, 0.03977397829294205, 0.03883432522416115, 0.03799043595790863, 0.0373932421207428, 0.03732375577092171, 0.037215007841587065, 0.036880353838205336, 0.036137599498033524, 0.03598211407661438, 0.03637858629226685, 0.036834323406219484, 0.03748322427272797, 0.03830291628837586, 0.03874627649784088, 0.03905565068125725, 0.03957490921020508, 0.039779490977525714, 0.039658424258232114, 0.03891224190592766, 0.03811674639582634, 0.03801318556070328, 0.037987197190523146, 0.037722183763980864, 0.03770746663212776, 0.03764943853020668], "var_explained": [[0, -0.6326583623886108], [10, 0.09581917524337769], [20, 0.20260298252105713], [30, 0.2553251385688782], [40, 0.2904958128929138], [49, 0.30645912885665894]]}