{
  "layer": 28,
  "n_features": 10,
  "k": 3,
  "d_model": 5120,
  "constraint_type": "hierarchical",
  "var_explained": 0.20596277713775635,
  "final_loss": 0.7985124349594116,
  "n_dead_features": 0
}