{
  "layer": 28,
  "n_features": 10,
  "consistency": 0.2,
  "completeness": 0.9991111111111111,
  "independence": 0.0,
  "composite": 0.39970370370370367,
  "feature_activation_freq": [
    0.008444444444444444,
    0.124,
    0.24933333333333332,
    0.8013333333333333,
    0.652,
    0.30266666666666664,
    0.00044444444444444447,
    0.0044444444444444444,
    0.6928888888888889,
    0.11866666666666667
  ]
}