{
  "activation_frequency": [
    0.08666666666666667,
    0.06311111111111112,
    0.18444444444444444,
    0.09733333333333333,
    0.16844444444444445,
    0.132,
    0.26666666666666666,
    0.144,
    0.08533333333333333,
    0.13555555555555557
  ],
  "mean_activation": [
    1.6203792095184326,
    1.55239737033844,
    4.64996337890625,
    1.4395135641098022,
    3.3809053897857666,
    3.6187336444854736,
    10.143872261047363,
    3.1640617847442627,
    1.349570631980896,
    2.690324544906616
  ],
  "max_activation": [
    89.50830841064453,
    84.89775848388672,
    93.96309661865234,
    66.65238952636719,
    75.04058837890625,
    59.22975158691406,
    80.84796905517578,
    86.76609802246094,
    63.015785217285156,
    66.32129669189453
  ],
  "n_dead_features": 0
}