{"loss_total": [1.6962833404541016, 1.4553925752639771, 1.3256001710891723, 1.2343212127685548, 1.1720887422561646, 1.1237961053848267, 1.0920502424240113, 1.064701461791992, 1.0438986539840698, 1.0311089038848877, 1.0208353042602538, 1.0066074132919312, 0.9923834085464478, 0.9781444430351257, 0.9587533235549927, 0.9452607154846191, 0.9335996985435486, 0.9215003371238708, 0.9171816229820251, 0.9077545285224915, 0.9042773842811584, 0.8950410127639771, 0.8868164420127869, 0.8844889640808106, 0.8811522245407104, 0.8739723682403564, 0.8648175120353698, 0.8634175539016724, 0.8629850745201111, 0.8563005805015564, 0.8533527493476868, 0.8440920591354371, 0.8430912613868713, 0.8399845838546753, 0.8388521552085877, 0.833926546573639, 0.8335300207138061, 0.826029109954834, 0.8262144923210144, 0.8228448510169983, 0.8177764415740967, 0.8158798098564148, 0.8137852787971497, 0.8102677226066589, 0.8004186987876892, 0.8060414552688598, 0.8007363677024841, 0.7979340791702271, 0.7989960432052612, 0.7985124349594116], "loss_rec": [1.695859432220459, 1.4535051584243774, 1.3226365089416503, 1.2308771133422851, 1.1685488939285278, 1.1204401016235352, 1.0890280961990357, 1.0620806455612182, 1.0416797161102296, 1.0292365074157714, 1.0192217350006103, 1.0051223993301392, 0.9908500552177429, 0.9763649106025696, 0.956568717956543, 0.9426150918006897, 0.9305967092514038, 0.918346357345581, 0.9140386700630188, 0.9047324061393738, 0.9014079093933105, 0.8922948598861694, 0.8841927409172058, 0.8819425702095032, 0.8786500692367554, 0.8715280055999756, 0.8624111652374268, 0.8610316991806031, 0.8606422305107116, 0.8539918422698974, 0.8510476589202881, 0.8417806267738343, 0.8408074855804444, 0.8377409338951111, 0.8366445422172546, 0.8317314743995666, 0.831349003314972, 0.823848307132721, 0.8240269899368287, 0.8206666350364685, 0.8155913829803467, 0.8136622309684753, 0.8115612864494324, 0.8080368757247924, 0.7981930375099182, 0.8038135409355164, 0.7985299825668335, 0.7957744121551513, 0.7968427896499634, 0.7963351488113404], "loss_con": [0.004239346517715603, 0.018874209932982923, 0.029636871069669724, 0.03444098234176636, 0.035398638993501666, 0.03356021046638489, 0.030221498385071755, 0.026208106055855752, 0.022189270704984665, 0.018724045529961587, 0.016136051900684834, 0.014850286766886711, 0.015333657711744308, 0.01779533810913563, 0.021846047043800353, 0.026456299424171447, 0.030029821768403055, 0.03153985664248467, 0.031429463624954225, 0.030221276357769965, 0.02869490534067154, 0.027461495995521546, 0.02623693160712719, 0.02546405792236328, 0.025021662190556525, 0.02444370947778225, 0.02406344935297966, 0.02385849505662918, 0.023428329825401308, 0.023087498918175697, 0.02305084764957428, 0.02311427555978298, 0.02283768989145756, 0.02243647389113903, 0.022076163813471793, 0.02195090353488922, 0.021810169890522958, 0.021808014437556266, 0.021874996647238732, 0.021782149747014045, 0.02185051441192627, 0.022175636142492294, 0.02223990224301815, 0.02230854518711567, 0.0222565446048975, 0.022279118373990058, 0.022063969075679778, 0.021596707031130792, 0.021532462909817696, 0.021772881597280504], "var_explained": [[0, -0.5335109233856201], [10, -0.009496688842773438], [20, 0.10628420114517212], [30, 0.15217024087905884], [40, 0.18560105562210083], [49, 0.20596277713775635]]}