{
  "layer": 28,
  "n_features": 12,
  "k": 3,
  "d_model": 5120,
  "constraint_type": "hierarchical",
  "var_explained": 0.24626606702804565,
  "final_loss": 0.7594982743263244,
  "n_dead_features": 0
}