{
  "layer": 28,
  "n_features": 12,
  "consistency": 0.42,
  "completeness": 0.9973333333333333,
  "independence": 0.0,
  "composite": 0.47244444444444444,
  "feature_activation_freq": [
    0.2071111111111111,
    0.17466666666666666,
    0.1608888888888889,
    0.756,
    0.20533333333333334,
    0.04888888888888889,
    0.12266666666666666,
    0.022222222222222223,
    0.49822222222222223,
    0.41644444444444445,
    0.04622222222222222,
    0.07466666666666667
  ]
}