{
  "activation_frequency": [
    0.13066666666666665,
    0.19244444444444445,
    0.22844444444444445,
    0.16977777777777778,
    0.1,
    0.112,
    0.1817777777777778,
    0.076,
    0.1471111111111111,
    0.14577777777777778,
    0.14444444444444443,
    0.14266666666666666
  ],
  "mean_activation": [
    3.8034605979919434,
    4.179381847381592,
    8.227106094360352,
    3.4346373081207275,
    1.2095468044281006,
    2.625800848007202,
    3.7693657875061035,
    1.6380339860916138,
    2.7440240383148193,
    2.725336790084839,
    2.5497562885284424,
    3.386354923248291
  ],
  "max_activation": [
    55.1722412109375,
    71.69916534423828,
    72.32239532470703,
    62.17791748046875,
    47.979454040527344,
    76.41842651367188,
    69.85211181640625,
    77.06645965576172,
    86.01734924316406,
    67.73849487304688,
    56.194332122802734,
    80.31050109863281
  ],
  "n_dead_features": 0
}