{"loss_total": [1.747169303894043, 1.4929367780685425, 1.3361836433410645, 1.2397873640060424, 1.1716967821121216, 1.1272822856903075, 1.0806222915649415, 1.0539767026901246, 1.0338743209838868, 1.0137892365455627, 0.991866934299469, 0.9711997151374817, 0.9509478211402893, 0.9386893033981323, 0.9257828593254089, 0.9123005867004395, 0.9034688591957092, 0.9029904007911682, 0.892234492301941, 0.888359272480011, 0.8751944541931153, 0.877758240699768, 0.8684761643409729, 0.8616976976394654, 0.8493745446205139, 0.8466787576675415, 0.8443524837493896, 0.8329373478889466, 0.8308534979820251, 0.8230622768402099, 0.8157566547393799, 0.8128298282623291, 0.8079329252243042, 0.8106492161750793, 0.7994960427284241, 0.7959508776664734, 0.7902576923370361, 0.7844684600830079, 0.7882460117340088, 0.7792395949363708, 0.7756376624107361, 0.7735093593597412, 0.7763685345649719, 0.7732938051223754, 0.766557514667511, 0.7671130895614624, 0.763205635547638, 0.7653244853019714, 0.7590146780014038, 0.7594982743263244], "loss_rec": [1.7468642711639404, 1.4915572166442872, 1.3339125394821167, 1.2370696067810059, 1.1688575506210328, 1.1245410442352295, 1.0780701160430908, 1.0516154050827027, 1.0316457748413086, 1.0115772366523743, 0.9894990921020508, 0.9684699892997741, 0.9477311849594117, 0.9350877523422241, 0.9220440149307251, 0.9086012482643128, 0.8998496532440186, 0.8994394302368164, 0.888752794265747, 0.8849728226661682, 0.8718935966491699, 0.874499237537384, 0.8652395486831665, 0.8584980010986328, 0.846184515953064, 0.8434740900993347, 0.8411036014556885, 0.8296388149261474, 0.8275480389595031, 0.8197800517082214, 0.8124972581863403, 0.80960533618927, 0.8047395348548889, 0.8074878931045533, 0.7963851809501648, 0.7928383827209473, 0.787087595462799, 0.7812765717506409, 0.7850845456123352, 0.7760677456855773, 0.772432553768158, 0.7702784895896911, 0.7731151819229126, 0.7700224399566651, 0.7632800936698914, 0.7638238668441772, 0.7599161863327026, 0.762073028087616, 0.7557794213294983, 0.7562671780586243], "loss_con": [0.003050412656739354, 0.013795486278831958, 0.022710980474948884, 0.027177557721734046, 0.02839267998933792, 0.02741222120821476, 0.025521598383784296, 0.023612961173057556, 0.022285593673586845, 0.022119838744401932, 0.023678560554981232, 0.027297156304121016, 0.032166356965899465, 0.03601554855704307, 0.037388316541910174, 0.03699343577027321, 0.0361920565366745, 0.035509730130434035, 0.03481701239943504, 0.03386442437767982, 0.03300862982869148, 0.032590024173259735, 0.032366111129522326, 0.03199702501296997, 0.031900280714035036, 0.03204667940735817, 0.03248865529894829, 0.032985446602106096, 0.03305458277463913, 0.032822269946336746, 0.03259388953447342, 0.03224504515528679, 0.03193398714065552, 0.03161320760846138, 0.03110858052968979, 0.03112485557794571, 0.03170093894004822, 0.031918865442276, 0.03161463364958763, 0.031718412041664125, 0.032051094621419904, 0.03230870440602303, 0.03253360092639923, 0.03271353915333748, 0.03277411535382271, 0.03289223685860634, 0.03289448693394661, 0.03251456096768379, 0.03235265761613846, 0.032310903817415235], "var_explained": [[0, -0.5672372579574585], [10, 0.022130131721496582], [20, 0.1275123953819275], [30, 0.1877995729446411], [40, 0.22673708200454712], [49, 0.24626606702804565]]}