{
  "layer": 28,
  "n_features": 15,
  "k": 3,
  "d_model": 5120,
  "constraint_type": "hierarchical",
  "var_explained": 0.2943190336227417,
  "final_loss": 0.7108553290367127,
  "n_dead_features": 0
}