{
  "layer": 28,
  "n_features": 15,
  "consistency": 0.33866666666666667,
  "completeness": 1.0,
  "independence": 0.0,
  "composite": 0.44622222222222224,
  "feature_activation_freq": [
    0.016888888888888887,
    0.017777777777777778,
    0.07155555555555555,
    0.4915555555555556,
    0.22711111111111112,
    0.10044444444444445,
    0.02,
    0.16933333333333334,
    0.2688888888888889,
    0.3506666666666667,
    0.7786666666666666,
    0.04666666666666667,
    0.14933333333333335,
    0.14355555555555555,
    0.12133333333333333
  ]
}