{
  "activation_frequency": [
    0.04666666666666667,
    0.12,
    0.1622222222222222,
    0.12711111111111112,
    0.12577777777777777,
    0.16,
    0.10533333333333333,
    0.18977777777777777,
    0.10666666666666667,
    0.13066666666666665,
    0.22577777777777777,
    0.2688888888888889,
    0.12311111111111112,
    0.08755555555555555,
    0.13555555555555557
  ],
  "mean_activation": [
    1.268290638923645,
    1.8911209106445312,
    3.0483615398406982,
    2.692230463027954,
    3.200007915496826,
    3.502631187438965,
    2.002141237258911,
    3.7538962364196777,
    1.7530332803726196,
    2.6244688034057617,
    4.277155876159668,
    9.602615356445312,
    2.6135270595550537,
    1.6641550064086914,
    3.35625958442688
  ],
  "max_activation": [
    79.62915802001953,
    64.4057846069336,
    69.649169921875,
    70.7264175415039,
    63.585289001464844,
    71.36572265625,
    74.33078002929688,
    56.83765411376953,
    80.88900756835938,
    66.27130126953125,
    58.43054962158203,
    83.796630859375,
    95.77398681640625,
    82.92120361328125,
    63.61712646484375
  ],
  "n_dead_features": 0
}