{"loss_total": [1.6260233402252198, 1.409705686569214, 1.2838931798934936, 1.206586241722107, 1.1482810735702516, 1.1071640491485595, 1.073297643661499, 1.040919828414917, 1.0130123138427733, 0.9920595526695252, 0.9587148308753968, 0.9393350601196289, 0.9235480070114136, 0.9129815578460694, 0.9032876133918762, 0.8945899128913879, 0.881041944026947, 0.8757153391838074, 0.8636021852493286, 0.8565169215202332, 0.8500917673110961, 0.8409369349479675, 0.8281390905380249, 0.8211428999900818, 0.8124783039093018, 0.804580545425415, 0.7924845933914184, 0.7856942772865295, 0.7843454480171204, 0.7762464761734009, 0.7675044894218445, 0.7609209418296814, 0.7576752305030823, 0.7577524423599243, 0.7466227650642395, 0.7469488859176636, 0.7402499794960022, 0.7392147779464722, 0.7381890058517456, 0.7324772834777832, 0.7308944702148438, 0.7231326699256897, 0.7247592449188233, 0.7192580223083496, 0.7188371658325196, 0.715309202671051, 0.7185965418815613, 0.7101493120193482, 0.7098323225975036, 0.7108553290367127], "loss_rec": [1.6257390022277831, 1.4085355281829834, 1.281996488571167, 1.2043207883834839, 1.1459350347518922, 1.104929757118225, 1.0712558269500732, 1.0390725135803223, 1.011285138130188, 0.9903135180473328, 0.9567690968513489, 0.9370517492294311, 0.9209184765815734, 0.910089647769928, 0.9001869320869446, 0.8913502812385559, 0.8777775287628173, 0.8725082039833069, 0.8604828476905823, 0.8534852385520935, 0.8471466422080993, 0.8380790233612061, 0.8253726601600647, 0.8184519410133362, 0.8098239541053772, 0.801957905292511, 0.7898735761642456, 0.7830758452415466, 0.7817141890525818, 0.7736072421073914, 0.7648542404174805, 0.7582447767257691, 0.7549681186676025, 0.7550319194793701, 0.7439217090606689, 0.7442690372467041, 0.7375609993934631, 0.73651682138443, 0.7354966759681701, 0.7297898292541504, 0.728216803073883, 0.720457661151886, 0.7220804452896118, 0.7165773510932922, 0.7161733865737915, 0.7126845598220826, 0.7159942269325257, 0.7075470805168151, 0.7072086095809936, 0.7082364678382873], "loss_con": [0.002843534795101732, 0.011701686680316925, 0.018966896831989287, 0.022654711082577706, 0.023460548371076584, 0.022343054041266443, 0.020418134704232215, 0.018473101034760474, 0.017271903157234193, 0.01746032275259495, 0.019457397609949113, 0.02283320762217045, 0.026295393705368042, 0.028919052332639694, 0.031006714701652525, 0.03239631727337837, 0.03264411687850952, 0.032071370631456375, 0.031193283945322038, 0.030316854268312453, 0.02945125587284565, 0.028579197824001312, 0.02766435742378235, 0.026909412071108817, 0.026543500646948815, 0.026226484775543214, 0.026110262051224707, 0.026184240356087685, 0.02631263844668865, 0.026392225176095963, 0.02650250494480133, 0.02676176242530346, 0.02707108445465565, 0.02720523104071617, 0.027010588347911833, 0.02679850086569786, 0.02688974663615227, 0.026979649811983107, 0.026923402026295663, 0.02687467895448208, 0.026776641979813574, 0.026750176027417184, 0.026787935569882394, 0.026806731522083283, 0.026637815311551093, 0.02624647244811058, 0.026023274287581444, 0.026022475957870484, 0.026236976310610772, 0.026188696548342705], "var_explained": [[0, -0.4721173048019409], [10, 0.05290251970291138], [20, 0.16109317541122437], [30, 0.23818951845169067], [40, 0.2754155397415161], [49, 0.2943190336227417]]}