{
  "trigger_feature_matrix": [
    [
      14.678020477294922,
      8.163320541381836,
      5.169353485107422,
      108.86222839355469,
      8.771498680114746
    ],
    [
      22.250436782836914,
      6.176494598388672,
      3.462876081466675,
      134.46640014648438,
      4.829080581665039
    ],
    [
      0.0,
      10.91815185546875,
      1.9026049375534058,
      99.5577163696289,
      4.313085079193115
    ],
    [
      0.0,
      4.625136852264404,
      1.5687049627304077,
      100.97850799560547,
      9.783910751342773
    ],
    [
      62.613624572753906,
      0.10136745125055313,
      3.3594436645507812,
      151.1654510498047,
      4.892152786254883
    ],
    [
      13.2964448928833,
      2.627175807952881,
      1.1424700021743774,
      140.06829833984375,
      10.125894546508789
    ],
    [
      37.519920349121094,
      0.6487083435058594,
      3.250952959060669,
      129.47520446777344,
      11.549118995666504
    ],
    [
      61.93309783935547,
      5.429125785827637,
      1.9720927476882935,
      149.76258850097656,
      7.4804368019104
    ],
    [
      11.811540603637695,
      9.134552001953125,
      2.1790521144866943,
      138.2218475341797,
      17.564340591430664
    ],
    [
      0.03822372481226921,
      10.035462379455566,
      3.2196028232574463,
      105.68421936035156,
      7.459568023681641
    ],
    [
      64.80541229248047,
      2.3586714267730713,
      5.591989517211914,
      173.6009521484375,
      3.857997179031372
    ],
    [
      45.29620361328125,
      10.286768913269043,
      1.2382502555847168,
      130.49964904785156,
      6.300520896911621
    ],
    [
      32.98625183105469,
      4.688611030578613,
      0.7018712759017944,
      133.3368377685547,
      5.629834175109863
    ],
    [
      0.6608652472496033,
      3.093266487121582,
      4.093771457672119,
      133.94760131835938,
      11.769411087036133
    ],
    [
      55.580509185791016,
      10.272741317749023,
      0.3032822012901306,
      95.0390853881836,
      5.080695152282715
    ]
  ],
  "trigger_names": [
    "Authority",
    "Certainty",
    "Emotional/ Affective",
    "Established Fact",
    "Experience",
    "Expert Belief",
    "Future Consensus",
    "High Stakes",
    "Limitation",
    "Negative Incentive",
    "Popular Consensus",
    "Positive Incentive",
    "Prior Agreement",
    "Self-Validation",
    "Uncertainty"
  ],
  "tone_feature_matrix": [
    [
      26.00113296508789,
      4.879247188568115,
      2.287032127380371,
      116.994384765625,
      8.649200439453125
    ],
    [
      57.429901123046875,
      2.29394268989563,
      3.025684356689453,
      158.9049835205078,
      7.928683757781982
    ],
    [
      1.2630599737167358,
      10.538718223571777,
      2.518547296524048,
      109.03401947021484,
      7.303625106811523
    ]
  ],
  "tone_names": [
    "mid",
    "strong",
    "weak"
  ],
  "domain_feature_matrix": [
    [
      27.424407958984375,
      0.6138684153556824,
      0.3779152035713196,
      155.74075317382812,
      4.7858381271362305
    ],
    [
      29.962011337280273,
      5.436325550079346,
      2.4922072887420654,
      149.15664672851562,
      8.747353553771973
    ],
    [
      27.59832000732422,
      10.313430786132812,
      3.2650208473205566,
      107.57164001464844,
      4.5995635986328125
    ],
    [
      29.846952438354492,
      5.455844402313232,
      5.287598133087158,
      104.24626922607422,
      15.026677131652832
    ],
    [
      26.325153350830078,
      7.700379848480225,
      1.6293647289276123,
      124.84032440185547,
      6.643081188201904
    ]
  ],
  "domain_names": [
    "Health & Medicine",
    "Humanities",
    "Political Opinion",
    "STEM",
    "Socio-Economic"
  ]
}