{
  "layer": 28,
  "n_features": 5,
  "consistency": 0.6622222222222223,
  "completeness": 0.8702222222222222,
  "independence": 0.0,
  "composite": 0.5108148148148148,
  "feature_activation_freq": [
    0.19377777777777777,
    0.08622222222222223,
    0.057777777777777775,
    0.8115555555555556,
    0.1328888888888889
  ]
}