{
  "activation_frequency": [
    0.21022222222222223,
    0.06,
    0.052,
    0.03155555555555556,
    0.042666666666666665
  ],
  "mean_activation": [
    9.633613586425781,
    1.1993842124938965,
    0.5818546414375305,
    0.34869569540023804,
    0.3810572028160095
  ],
  "max_activation": [
    88.09004974365234,
    97.02669525146484,
    44.65462112426758,
    42.76279067993164,
    45.01406478881836
  ],
  "n_dead_features": 0
}