{"loss_total": [1.7867258787155151, 1.5409645795822144, 1.3774758577346802, 1.2666169643402099, 1.1896616458892821, 1.125662350654602, 1.092877697944641, 1.0620697736740112, 1.0441768169403076, 1.0326923847198486, 1.0228622198104858, 1.0221001148223876, 1.0130716800689696, 1.0126600980758667, 1.0113624930381775, 1.007840096950531, 1.0058904051780702, 1.0046626329421997, 1.0002009391784668, 0.9943253040313721, 0.9933650374412537, 0.9859312295913696, 0.9756017804145813, 0.9656658172607422, 0.9529104351997375, 0.9455260515213013, 0.9377110838890076, 0.9282475233078002, 0.9224927306175232, 0.9262876868247986, 0.9169309616088868, 0.9159960627555848, 0.9180967211723328, 0.9115197062492371, 0.9117640495300293, 0.912811529636383, 0.9152974128723145, 0.9105956435203553, 0.9101038575172424, 0.9015877485275269, 0.9035842418670654, 0.903944218158722, 0.9067573547363281, 0.9017499685287476, 0.9024409770965576, 0.9017760992050171, 0.9018613219261169, 0.8978341698646546, 0.8940834760665893, 0.894387137889862], "loss_rec": [1.7862748622894287, 1.5383421897888183, 1.3731344223022461, 1.2619743824005127, 1.1856470823287963, 1.122576642036438, 1.0907334804534912, 1.0607073545455932, 1.043360185623169, 1.032226276397705, 1.0226120710372926, 1.0219757437705994, 1.013009238243103, 1.0126201391220093, 1.0113288760185242, 1.0078076720237732, 1.0058544516563415, 1.004618191719055, 1.0001460433006286, 0.9942564010620117, 0.9932732462882996, 0.9857973098754883, 0.9753928780555725, 0.9653424143791198, 0.9524430274963379, 0.9449161291122437, 0.936994993686676, 0.9274865627288819, 0.9217339515686035, 0.9255504965782165, 0.9162375211715699, 0.9153734683990479, 0.9175644159317017, 0.9110735177993774, 0.9113842368125915, 0.9124812722206116, 0.91500883102417, 0.9103383898735047, 0.9098626017570496, 0.9013552308082581, 0.9033564329147339, 0.9037178516387939, 0.9065340757369995, 0.9015309691429139, 0.9022238373756408, 0.9015551924705505, 0.9016330480575562, 0.8975997805595398, 0.8938472628593445, 0.8941542387008667], "loss_con": [0.004510142584331333, 0.026223800703883172, 0.04341426491737366, 0.046425925195217134, 0.04014543443918228, 0.030857205018401147, 0.0214420884847641, 0.013624304719269276, 0.00816632080823183, 0.004661244759336114, 0.0025012785801663993, 0.0012437871657311917, 0.0006243580137379467, 0.00039928008336573837, 0.0003361869137734175, 0.00032440073555335404, 0.0003596830938477069, 0.00044417576282285154, 0.0005488153896294534, 0.0006891496712341904, 0.0009180072345770895, 0.0013392351102083921, 0.002088906615972519, 0.0032340204808861015, 0.004674054868519306, 0.006099275406450033, 0.007160749565809965, 0.0076096364296972755, 0.007587849348783493, 0.007371987868100405, 0.006934499181807041, 0.006225940957665444, 0.005322997644543648, 0.004461976699531078, 0.003798158373683691, 0.003302585706114769, 0.0028858436737209557, 0.0025726260617375376, 0.002412668243050575, 0.002325096493586898, 0.0022780925035476686, 0.0022636072244495153, 0.002232715580612421, 0.0021899025421589615, 0.002171234833076596, 0.0022089982870966197, 0.0022828578483313324, 0.002343878569081426, 0.0023621079977601766, 0.0023290120530873536], "var_explained": [[0, -0.6179107427597046], [10, -0.02104926109313965], [20, 0.010264396667480469], [30, 0.08203864097595215], [40, 0.09450685977935791], [49, 0.1028088927268982]]}