{
  "layer": 8,
  "n_features": 10,
  "k": 3,
  "d_model": 5120,
  "constraint_type": "hierarchical",
  "var_explained": 0.5942080318927765,
  "final_loss": 0.41273888349533083,
  "n_dead_features": 0
}