{
  "layer": 8,
  "n_features": 10,
  "consistency": 0.5488888888888889,
  "completeness": 1.0,
  "independence": 0.0,
  "composite": 0.5162962962962964,
  "feature_activation_freq": [
    0.0022222222222222222,
    0.0,
    1.0,
    0.9435555555555556,
    0.052,
    0.0,
    1.0,
    0.0,
    0.0,
    0.0
  ]
}