{
  "activation_frequency": [
    0.05333333333333334,
    0.24844444444444444,
    0.20044444444444445,
    0.07866666666666666,
    0.37377777777777776,
    0.15155555555555555,
    0.42088888888888887,
    0.04533333333333334,
    0.5506666666666666,
    0.1302222222222222
  ],
  "mean_activation": [
    2.4717605113983154,
    5.4467267990112305,
    5.507057189941406,
    3.8010265827178955,
    6.3734846115112305,
    13.698037147521973,
    8.680646896362305,
    2.2295405864715576,
    11.207472801208496,
    4.422631740570068
  ],
  "max_activation": [
    123.56573486328125,
    73.18971252441406,
    100.27165222167969,
    105.67259979248047,
    60.57794189453125,
    121.27277374267578,
    54.29290771484375,
    131.61407470703125,
    58.2956657409668,
    102.88191986083984
  ],
  "n_dead_features": 0
}