{"loss_total": [1.813940978050232, 1.3150463342666625, 1.120787787437439, 1.0173820853233337, 0.9608047604560852, 0.8723294854164123, 0.8213905453681946, 0.7712065577507019, 0.737723422050476, 0.7040182113647461, 0.6849946856498719, 0.652594792842865, 0.6272719740867615, 0.6076106667518616, 0.5861896991729736, 0.5731756567955018, 0.5586526393890381, 0.5436010122299194, 0.5312820076942444, 0.5218650460243225, 0.5148996591567994, 0.506970340013504, 0.4984761834144592, 0.4889252781867981, 0.48374314308166505, 0.4770048916339874, 0.47414304614067077, 0.47109031677246094, 0.4620428323745728, 0.46099754571914675, 0.4555566251277924, 0.44753769040107727, 0.4475678265094757, 0.44223650693893435, 0.43729389309883115, 0.43830716609954834, 0.43198909163475036, 0.4289467096328735, 0.42874358892440795, 0.4257469415664673, 0.42337061166763307, 0.42102373838424684, 0.42241011261940004, 0.42261401414871214, 0.4177126944065094, 0.4177232325077057, 0.4151793658733368, 0.41580374240875245, 0.41292890906333923, 0.41273888349533083], "loss_rec": [1.8133616685867309, 1.3125398635864258, 1.1172391176223755, 1.0135929703712463, 0.956627082824707, 0.8668784022331237, 0.8139551043510437, 0.7623990297317504, 0.7289279222488403, 0.6960465312004089, 0.6777341365814209, 0.6456023573875427, 0.6202345609664917, 0.6004539728164673, 0.5790009379386902, 0.5659169316291809, 0.5512147545814514, 0.5359938263893127, 0.5236015081405639, 0.5141394436359406, 0.5071163833141327, 0.4991100490093231, 0.4905978500843048, 0.4811094760894775, 0.47594858407974244, 0.46922606229782104, 0.4664690136909485, 0.46348310112953184, 0.45446850061416627, 0.45353093147277834, 0.4481882929801941, 0.44017980694770814, 0.44025452733039855, 0.4350421965122223, 0.43020506501197814, 0.4313105583190918, 0.42514801025390625, 0.42221092581748965, 0.4220955729484558, 0.41920640468597414, 0.41687028408050536, 0.4145796477794647, 0.4160637676715851, 0.41634722948074343, 0.4114651620388031, 0.41152005195617675, 0.40902929902076723, 0.4097509205341339, 0.4069248676300049, 0.4067641794681549], "loss_con": [0.005793348955921829, 0.025064582750201226, 0.03548665791749954, 0.03789095655083656, 0.0417766310274601, 0.054510829597711564, 0.07435442507266998, 0.08807533383369445, 0.08795519471168518, 0.07971692085266113, 0.07260546684265137, 0.06992443352937698, 0.07037411034107208, 0.07156693637371063, 0.07188749611377716, 0.07258731871843338, 0.07437887489795685, 0.07607187777757644, 0.07680492401123047, 0.07725605964660645, 0.07783284187316894, 0.07860290706157684, 0.07878331542015075, 0.07815800607204437, 0.07794565260410309, 0.07778834402561188, 0.07674027383327484, 0.07607213109731674, 0.07574325501918792, 0.07466614097356797, 0.07368329167366028, 0.07357884794473649, 0.07313307374715805, 0.07194315940141678, 0.07088825553655624, 0.06996607035398483, 0.06841083019971847, 0.06735783070325851, 0.06648014187812805, 0.06540530025959015, 0.06500325500965118, 0.06444088965654374, 0.06346351504325867, 0.0626678891479969, 0.06247530654072762, 0.06203179061412811, 0.06150070652365684, 0.060528156161308286, 0.0600404217839241, 0.05974698215723038], "var_explained": [[0, -0.4522738456726074], [10, 0.34077513217926025], [20, 0.49825233221054077], [30, 0.5563898086547852], [40, 0.5831825137138367], [49, 0.5942080318927765]]}