{
  "layer": 14,
  "n_features": 8,
  "consistency": 0.6564444444444445,
  "completeness": 0.8911111111111111,
  "independence": 0.0,
  "composite": 0.5158518518518519,
  "feature_activation_freq": [
    0.37822222222222224,
    0.009777777777777778,
    0.01911111111111111,
    0.172,
    0.596,
    0.22533333333333333,
    0.0026666666666666666,
    0.06888888888888889
  ]
}