{
  "activation_frequency": [
    0.20577777777777778,
    0.044,
    0.17644444444444443,
    0.1902222222222222,
    0.09244444444444444,
    0.12711111111111112,
    0.058666666666666666,
    0.18088888888888888
  ],
  "mean_activation": [
    4.780625820159912,
    1.8934885263442993,
    4.6626763343811035,
    9.588841438293457,
    1.5441746711730957,
    2.062549114227295,
    1.6711591482162476,
    4.351191997528076
  ],
  "max_activation": [
    86.11005401611328,
    149.17926025390625,
    85.50178527832031,
    96.05390167236328,
    92.14430236816406,
    70.85851287841797,
    91.61284637451172,
    77.92422485351562
  ],
  "n_dead_features": 0
}