{"loss_total": [1.6451560258865356, 1.440222430229187, 1.2945559740066528, 1.1936598062515258, 1.1292222738265991, 1.0933689594268798, 1.0541680574417114, 1.0302810192108154, 1.0204452514648437, 1.0156976699829101, 1.000990104675293, 0.9930767178535461, 0.9886148810386658, 0.981705391407013, 0.9644767642021179, 0.9391344308853149, 0.9178349375724792, 0.9052534937858582, 0.8897817492485046, 0.8830135107040405, 0.8704779505729675, 0.8649527788162231, 0.8505606293678284, 0.8401013731956481, 0.8357719898223877, 0.8215522646903992, 0.8135820269584656, 0.8081254482269287, 0.8017616510391236, 0.7965329647064209, 0.7929936289787293, 0.7877337098121643, 0.7842517018318176, 0.7776266098022461, 0.778885006904602, 0.7766189813613892, 0.7717984557151795, 0.7718198418617248, 0.767675518989563, 0.7689968705177307, 0.7664839506149292, 0.7645946979522705, 0.7599648237228394, 0.7603232979774475, 0.7598726511001587, 0.7599061846733093, 0.758080267906189, 0.7589812397956848, 0.758937132358551, 0.7531108736991883], "loss_rec": [1.644917607307434, 1.4389461517333983, 1.2921676874160766, 1.1907186031341552, 1.1263180255889893, 1.0909245014190674, 1.0523501873016357, 1.0290359616279603, 1.0196242213249207, 1.0151561498641968, 1.0005972623825072, 0.9927134156227112, 0.9881730079650879, 0.9810645580291748, 0.9634507536888123, 0.9375289559364319, 0.9155991435050964, 0.9025743126869201, 0.8869483470916748, 0.880273950099945, 0.8678673267364502, 0.8623414278030396, 0.8478271961212158, 0.8371939897537232, 0.8326683878898621, 0.8182414650917054, 0.8101200819015503, 0.804524552822113, 0.7980022668838501, 0.7926563262939453, 0.7890929102897644, 0.7838128685951233, 0.780237340927124, 0.77357097864151, 0.7748630404472351, 0.7726534008979797, 0.7678172945976257, 0.7677910923957825, 0.7636627674102783, 0.7650257706642151, 0.7625041723251342, 0.7606229662895203, 0.7560787558555603, 0.7565693497657776, 0.7561283826828002, 0.7561681866645813, 0.754359221458435, 0.7552536606788636, 0.7552448391914368, 0.749505591392517], "loss_con": [0.00238435382489115, 0.012762949988245963, 0.023882826417684556, 0.029412026703357696, 0.029042481258511544, 0.024444610625505448, 0.018178821727633476, 0.01245073601603508, 0.008210155833512544, 0.005415324214845895, 0.003928245045244694, 0.0036329538095742466, 0.004418873228132725, 0.006408287025988102, 0.01026013344526291, 0.01605470571666956, 0.022357989475131033, 0.026791826635599137, 0.028334002941846848, 0.027395624667406082, 0.026106247678399086, 0.02611340954899788, 0.027334345132112504, 0.029073889553546905, 0.031035900861024857, 0.03310778439044952, 0.034619474411010744, 0.03600902706384659, 0.037593997269868853, 0.038766341656446456, 0.039007190614938736, 0.039208422601222995, 0.040143602341413495, 0.04055640697479248, 0.040219558775424956, 0.039655951410532, 0.0398114487528801, 0.04028763100504875, 0.04012742191553116, 0.03971097767353058, 0.039797767996788025, 0.03971723765134812, 0.03886072114109993, 0.03753952383995056, 0.03744262978434563, 0.037379977852106096, 0.037210336327552794, 0.03727579340338707, 0.03692291751503944, 0.03605268225073814], "var_explained": [[0, -0.5050081014633179], [10, -0.0010123252868652344], [20, 0.1385912299156189], [30, 0.2167593240737915], [40, 0.23963630199432373], [49, 0.25082165002822876]]}