{
  "layer": 14,
  "n_features": 12,
  "consistency": 0.4791111111111111,
  "completeness": 0.9982222222222222,
  "independence": 0.0,
  "composite": 0.49244444444444446,
  "feature_activation_freq": [
    0.11022222222222222,
    0.2808888888888889,
    0.009777777777777778,
    0.72,
    0.05288888888888889,
    0.004,
    0.08977777777777778,
    0.009777777777777778,
    0.0,
    0.23244444444444445,
    0.084,
    0.8702222222222222
  ]
}