{
  "activation_frequency": [
    0.25422222222222224,
    0.17155555555555554,
    0.10444444444444445,
    0.37155555555555553,
    0.06444444444444444,
    0.11822222222222223,
    0.31155555555555553,
    0.03244444444444444,
    0.20355555555555555,
    0.10444444444444445,
    0.09955555555555555,
    0.08177777777777778
  ],
  "mean_activation": [
    4.970991611480713,
    5.366122722625732,
    1.7745813131332397,
    7.834330081939697,
    2.6140782833099365,
    2.744817018508911,
    7.180953025817871,
    1.2487647533416748,
    3.5006279945373535,
    4.3963165283203125,
    3.0394515991210938,
    2.5152976512908936
  ],
  "max_activation": [
    98.39100646972656,
    75.82093811035156,
    90.8722915649414,
    89.70687103271484,
    99.65910339355469,
    95.98107147216797,
    69.80183410644531,
    142.05789184570312,
    64.29884338378906,
    75.59723663330078,
    101.29289245605469,
    84.40640258789062
  ],
  "n_dead_features": 0
}