{"loss_total": [1.6515692234039308, 1.3724106073379516, 1.2293575286865235, 1.1461003780364991, 1.0760752201080321, 1.0332646369934082, 1.002038848400116, 0.9801620960235595, 0.9387662291526795, 0.9216854929924011, 0.896316921710968, 0.8770755171775818, 0.8730294942855835, 0.8538775324821473, 0.8382269859313964, 0.823679506778717, 0.8058176040649414, 0.7911810755729676, 0.7876760721206665, 0.77105211019516, 0.7630666017532348, 0.7570100426673889, 0.75408775806427, 0.7477313160896302, 0.7364510774612427, 0.7329367399215698, 0.7209643363952637, 0.7188313364982605, 0.714063286781311, 0.7079381465911865, 0.7032296776771545, 0.704187273979187, 0.6963705897331238, 0.6930428504943847, 0.6897268533706665, 0.6880004405975342, 0.6882863521575928, 0.6866086483001709, 0.6826132655143737, 0.6801503539085388, 0.6763951778411865, 0.6780645251274109, 0.674929141998291, 0.6724348783493042, 0.667512309551239, 0.6751899003982544, 0.6710124611854553, 0.667421293258667, 0.6682414174079895, 0.6654510855674743], "loss_rec": [1.6511592149734498, 1.3705830812454223, 1.2264919996261596, 1.1427990436553954, 1.072640347480774, 1.0298445224761963, 0.998689842224121, 0.9768171072006225, 0.9352116584777832, 0.9176806449890137, 0.891834807395935, 0.8723301649093628, 0.8682881116867065, 0.8492500066757203, 0.8336623072624206, 0.8191141128540039, 0.8012584924697876, 0.7866509318351745, 0.7831335186958313, 0.7664679050445556, 0.7584614276885986, 0.752370023727417, 0.7493792057037354, 0.7429157614707946, 0.7315528869628907, 0.7279661893844604, 0.7159331440925598, 0.7137603044509888, 0.7089661717414856, 0.7027759671211242, 0.6979924321174622, 0.6989464282989502, 0.6912148118019104, 0.6879870176315308, 0.6846720218658447, 0.6829320073127747, 0.6832892537117005, 0.6816559553146362, 0.6776560068130493, 0.675220537185669, 0.6715280652046204, 0.6732499957084656, 0.6701166272163391, 0.6676244139671326, 0.6627657294273377, 0.670509421825409, 0.6663696765899658, 0.6627968072891235, 0.6636415958404541, 0.6608500957489014], "loss_con": [0.004099861287977546, 0.018275129422545434, 0.028655290976166724, 0.033013138175010684, 0.034348788857460025, 0.03420132175087929, 0.03349001109600067, 0.03344976082444191, 0.035545758157968524, 0.04004860520362854, 0.044821064174175265, 0.047453483939170836, 0.04741381108760834, 0.04627527669072151, 0.04564678743481636, 0.045653893053531645, 0.04559120833873749, 0.045301380753517154, 0.04542543962597847, 0.04584202766418457, 0.046051778644323346, 0.046400152146816254, 0.04708550423383713, 0.04815562143921852, 0.04898190051317215, 0.04970558807253837, 0.05031193643808365, 0.05071035698056221, 0.05097110271453857, 0.051621729880571364, 0.052372416108846666, 0.05240825712680817, 0.05155779868364334, 0.05055840238928795, 0.05054837986826897, 0.050684306770563126, 0.04997102245688438, 0.04952694848179817, 0.04957247972488403, 0.04929822608828545, 0.04867107272148132, 0.04814509749412536, 0.048125188797712326, 0.04810465723276138, 0.04746575281023979, 0.046804800629615784, 0.046427775919437406, 0.0462446890771389, 0.045998307317495345, 0.04600989669561386], "var_explained": [[0, -0.45436418056488037], [10, 0.11481410264968872], [20, 0.2448907494544983], [30, 0.3026167154312134], [40, 0.32871878147125244], [49, 0.3417549133300781]]}