{
  "layer": 28,
  "n_features": 8,
  "k": 2,
  "d_model": 5120,
  "constraint_type": "hierarchical",
  "var_explained": 0.15515130758285522,
  "final_loss": 0.8507207751274108,
  "n_dead_features": 0
}