{
  "layer": 28,
  "n_features": 8,
  "consistency": 0.5568888888888889,
  "completeness": 0.8537777777777777,
  "independence": 0.0,
  "composite": 0.47022222222222226,
  "feature_activation_freq": [
    0.0026666666666666666,
    0.48088888888888887,
    0.015111111111111112,
    0.0008888888888888889,
    0.025777777777777778,
    0.3048888888888889,
    0.19244444444444445,
    0.36133333333333334
  ]
}