{
  "activation_frequency": [
    0.03777777777777778,
    0.04888888888888889,
    0.0791111111111111,
    0.14755555555555555,
    0.05511111111111111,
    0.24533333333333332,
    0.09244444444444444,
    0.12622222222222224
  ],
  "mean_activation": [
    0.42085447907447815,
    0.7786447405815125,
    0.9023582339286804,
    4.152008056640625,
    0.826587975025177,
    9.736571311950684,
    2.4719903469085693,
    3.296006441116333
  ],
  "max_activation": [
    41.96467590332031,
    79.2208480834961,
    46.624107360839844,
    90.71018981933594,
    55.5174446105957,
    81.53766632080078,
    87.5706558227539,
    74.0723648071289
  ],
  "n_dead_features": 0
}