{"loss_total": [1.760758352279663, 1.498573088645935, 1.349621629714966, 1.2486633777618408, 1.1848883390426637, 1.1280725002288818, 1.091075348854065, 1.0631584644317627, 1.0397340774536132, 1.0222497463226319, 1.0093544721603394, 0.9876513957977295, 0.9769308686256408, 0.9670040011405945, 0.9578307628631592, 0.952210807800293, 0.9347458720207215, 0.9325670003890991, 0.9253573060035706, 0.9209330797195434, 0.9162944078445434, 0.9121810913085937, 0.9104605674743652, 0.9070157408714294, 0.9039162516593933, 0.894959819316864, 0.8938780784606933, 0.8914426326751709, 0.894110357761383, 0.8865749955177307, 0.8829498410224914, 0.8728424310684204, 0.8815865516662598, 0.8738633871078492, 0.8698004484176636, 0.8726471543312073, 0.8706259965896607, 0.8634914875030517, 0.8639941692352295, 0.8629212379455566, 0.8590786457061768, 0.8609846711158753, 0.8593685507774353, 0.8558706283569336, 0.8538439035415649, 0.8510188102722168, 0.8530004382133484, 0.8488280296325683, 0.8495577216148377, 0.8507207751274108], "loss_rec": [1.760424256324768, 1.4968767166137695, 1.3468489170074462, 1.2456746578216553, 1.1821633100509643, 1.1257231473922729, 1.0890759706497193, 1.0614859104156493, 1.0383508920669555, 1.0210912466049193, 1.0083219885826111, 0.9866298198699951, 0.9758256912231446, 0.9657700061798096, 0.9564951300621033, 0.9508431434631348, 0.9333853960037232, 0.9312373399734497, 0.9240886926651001, 0.919734251499176, 0.9151631832122803, 0.9111153721809387, 0.9094489216804504, 0.9060482263565064, 0.9029816746711731, 0.8940473079681397, 0.892969799041748, 0.8905259251594544, 0.8931842565536499, 0.885664987564087, 0.8820502758026123, 0.8719337224960327, 0.8806705951690674, 0.8729297161102295, 0.868838083744049, 0.8716553449630737, 0.869613242149353, 0.8624623060226441, 0.8629459857940673, 0.8618544459342956, 0.858012068271637, 0.8599205374717712, 0.8583155870437622, 0.8548329591751098, 0.8528148531913757, 0.8499973058700562, 0.8519817471504212, 0.8478192090988159, 0.8485571146011353, 0.8497348189353943], "loss_con": [0.0033409893978387116, 0.016963587515056132, 0.027726979181170463, 0.029887084290385245, 0.027250346168875693, 0.023493702337145806, 0.01999354623258114, 0.016725552268326283, 0.01383204609155655, 0.01158495582640171, 0.010324648767709731, 0.010215974040329456, 0.011051740497350693, 0.012339923903346062, 0.013356487639248371, 0.013676759414374828, 0.01360485851764679, 0.01329665221273899, 0.012686279974877835, 0.011988245695829392, 0.011312219128012658, 0.010657167620956897, 0.01011657901108265, 0.009675103053450585, 0.009345750510692596, 0.009125174768269063, 0.009082840569317342, 0.009166998416185379, 0.009261022508144378, 0.00910001266747713, 0.008995655737817288, 0.009087023325264454, 0.009159598499536514, 0.009336775727570057, 0.00962350405752659, 0.009918141551315785, 0.010127588734030723, 0.010291855409741401, 0.010481873899698258, 0.010667938739061356, 0.01066577471792698, 0.0106411537155509, 0.010529659874737262, 0.010376695916056633, 0.010290482267737388, 0.010215131752192973, 0.010186965391039849, 0.010088297910988331, 0.01000607255846262, 0.00985962487757206], "var_explained": [[0, -0.5851317644119263], [10, 0.002582728862762451], [20, 0.08748644590377808], [30, 0.11891895532608032], [40, 0.14065200090408325], [49, 0.15515130758285522]]}