{
  "layer": 20,
  "n_features": 20,
  "k": 4,
  "d_model": 5120,
  "constraint_type": "hierarchical",
  "var_explained": 0.4016587734222412,
  "final_loss": 0.6034098029136657,
  "n_dead_features": 0
}