{
  "layer": 20,
  "n_features": 20,
  "consistency": 0.1942222222222222,
  "completeness": 1.0,
  "independence": 0.0,
  "composite": 0.3980740740740741,
  "feature_activation_freq": [
    0.0057777777777777775,
    0.030222222222222223,
    0.006666666666666667,
    0.24711111111111111,
    0.0791111111111111,
    0.0026666666666666666,
    0.2613333333333333,
    0.004888888888888889,
    0.6288888888888889,
    0.017777777777777778,
    0.6017777777777777,
    0.48533333333333334,
    0.14844444444444443,
    0.072,
    0.04088888888888889,
    0.16266666666666665,
    0.42444444444444446,
    0.4186666666666667,
    0.3413333333333333,
    0.015111111111111112
  ]
}