{
  "activation_frequency": [
    0.08133333333333333,
    0.14044444444444446,
    0.15022222222222223,
    0.22666666666666666,
    0.19111111111111112,
    0.15777777777777777,
    0.2048888888888889,
    0.172,
    0.1302222222222222,
    0.1991111111111111,
    0.084,
    0.1408888888888889,
    0.13466666666666666,
    0.18355555555555556,
    0.21822222222222223,
    0.12622222222222224,
    0.2871111111111111,
    0.13244444444444445,
    0.11022222222222222,
    0.07511111111111111
  ],
  "mean_activation": [
    1.0833818912506104,
    4.204578876495361,
    3.795226573944092,
    4.451945781707764,
    3.157583713531494,
    2.2399513721466064,
    4.8995442390441895,
    2.2262744903564453,
    3.680001735687256,
    3.624399423599243,
    1.558590054512024,
    2.2602427005767822,
    2.5314180850982666,
    3.8020100593566895,
    3.64046049118042,
    1.9908450841903687,
    5.215983867645264,
    3.6753957271575928,
    3.138340711593628,
    1.4063669443130493
  ],
  "max_activation": [
    73.8056640625,
    73.04910278320312,
    74.11878204345703,
    69.20040893554688,
    61.53992462158203,
    58.28986740112305,
    71.59075927734375,
    43.96382141113281,
    70.73152923583984,
    60.06736755371094,
    99.71903228759766,
    77.65010833740234,
    69.88456726074219,
    74.60309600830078,
    62.22027587890625,
    78.95428466796875,
    58.80513381958008,
    62.17103576660156,
    74.59303283691406,
    81.6631088256836
  ],
  "n_dead_features": 0
}