{"loss_total": [1.6247879028320313, 1.3785970687866211, 1.2619925498962403, 1.1886775970458985, 1.1200514316558838, 1.068712592124939, 1.0169044375419616, 0.9729656219482422, 0.9370921611785888, 0.9025155305862427, 0.8803592681884765, 0.8606923818588257, 0.8356094360351562, 0.8153271079063416, 0.7972713470458984, 0.776626992225647, 0.7628080010414123, 0.7506601572036743, 0.7377801299095154, 0.7248406410217285, 0.711606788635254, 0.7016853570938111, 0.6927916407585144, 0.6812867760658264, 0.6762755632400512, 0.6693788290023803, 0.6614960551261901, 0.6569715857505798, 0.6501616716384888, 0.6442819476127625, 0.6424925684928894, 0.638331413269043, 0.6347793340682983, 0.6310096383094788, 0.6276498436927795, 0.6261677265167236, 0.621642816066742, 0.6216400027275085, 0.6183846592903137, 0.6175865054130554, 0.6175400495529175, 0.6122575402259827, 0.6126003623008728, 0.6078818559646606, 0.6108273148536683, 0.6095689415931702, 0.6033656597137451, 0.6016405582427978, 0.6000616669654846, 0.6034098029136657], "loss_rec": [1.6245107412338258, 1.3776660680770874, 1.260695791244507, 1.1871997833251953, 1.1184669017791748, 1.0670379161834718, 1.0150220155715943, 0.9705369591712951, 0.9336373686790467, 0.8978850603103637, 0.8749167919158936, 0.8548736929893493, 0.8297762870788574, 0.8097452163696289, 0.7920311093330383, 0.771701717376709, 0.7580816626548768, 0.7459935665130615, 0.7331431150436402, 0.7202540159225463, 0.7071219921112061, 0.6973498463630676, 0.6885814666748047, 0.6771229982376099, 0.6721649050712586, 0.6653605580329895, 0.6575804948806763, 0.6531363248825073, 0.6463843822479248, 0.6405555009841919, 0.6388006567955017, 0.634674072265625, 0.6311446309089661, 0.6273715257644653, 0.6239871025085449, 0.6224865198135376, 0.6179476857185364, 0.617949390411377, 0.6147215127944946, 0.6139272570610046, 0.6138875365257264, 0.6086528062820434, 0.6090179204940795, 0.6042820096015931, 0.6072175741195679, 0.6059769511222839, 0.599804699420929, 0.59809330701828, 0.5965185642242432, 0.599881398677826], "loss_con": [0.0027716174488887193, 0.009310068842023612, 0.012967895343899727, 0.014777923002839088, 0.01584542468190193, 0.016746686398983003, 0.018823985010385513, 0.02428668215870857, 0.034547888487577436, 0.04630468636751175, 0.05442480817437172, 0.05818677693605423, 0.058331475406885144, 0.05581894740462303, 0.0524023674428463, 0.049252739548683165, 0.04726341441273689, 0.04666595607995987, 0.0463701531291008, 0.045866194367408755, 0.044848056882619856, 0.043355001509189604, 0.04210186526179314, 0.04163793995976448, 0.041106526553630826, 0.040182621031999585, 0.03915560096502304, 0.03835272639989853, 0.03777280077338219, 0.03726445809006691, 0.03691911697387695, 0.03657340928912163, 0.036347029358148576, 0.03638112396001816, 0.036627357453107835, 0.03681207373738289, 0.03695126995444298, 0.036906201392412186, 0.03663158938288689, 0.03659252002835274, 0.03652510643005371, 0.03604729026556015, 0.03582436442375183, 0.03599830269813538, 0.03609737083315849, 0.0359199084341526, 0.03560958057641983, 0.035472524166107175, 0.03543093577027321, 0.035284236818552014], "var_explained": [[0, -0.44527530670166016], [10, 0.13891762495040894], [20, 0.2999178171157837], [30, 0.36480337381362915], [40, 0.38953691720962524], [49, 0.4016587734222412]]}