{
  "layer": 20,
  "n_features": 25,
  "consistency": 0.09911111111111111,
  "completeness": 1.0,
  "independence": 0.0,
  "composite": 0.3663703703703704,
  "feature_activation_freq": [
    0.7133333333333334,
    0.0017777777777777779,
    0.007555555555555556,
    0.3417777777777778,
    0.7866666666666666,
    0.024444444444444446,
    0.03155555555555556,
    0.03777777777777778,
    0.03333333333333333,
    0.1448888888888889,
    0.08266666666666667,
    0.022222222222222223,
    0.4831111111111111,
    0.7231111111111111,
    0.052,
    0.0,
    0.0044444444444444444,
    0.010666666666666666,
    0.09955555555555555,
    0.08577777777777777,
    0.016888888888888887,
    0.007555555555555556,
    0.2088888888888889,
    0.008444444444444444,
    0.07111111111111111
  ]
}