{
  "activation_frequency": [
    0.13955555555555554,
    0.2088888888888889,
    0.15555555555555556,
    0.06088888888888889,
    0.17644444444444443,
    0.148,
    0.12622222222222224,
    0.09777777777777778,
    0.2328888888888889,
    0.196,
    0.17244444444444446,
    0.14933333333333335,
    0.2813333333333333,
    0.13466666666666666,
    0.058666666666666666,
    0.14266666666666666,
    0.1511111111111111,
    0.06666666666666667,
    0.23244444444444445,
    0.16,
    0.09955555555555555,
    0.11644444444444445,
    0.043111111111111114,
    0.04666666666666667,
    0.15155555555555555
  ],
  "mean_activation": [
    3.0643818378448486,
    3.1637277603149414,
    2.524467706680298,
    1.256185531616211,
    2.7152159214019775,
    2.942124128341675,
    3.9324288368225098,
    3.29656720161438,
    4.786698818206787,
    3.7439534664154053,
    2.464150905609131,
    3.089219570159912,
    5.03087854385376,
    2.9656689167022705,
    1.052069902420044,
    2.2381210327148438,
    1.7503491640090942,
    1.3548529148101807,
    4.17508602142334,
    5.367920875549316,
    1.7143659591674805,
    1.7246172428131104,
    1.1384449005126953,
    1.3182953596115112,
    2.7327423095703125
  ],
  "max_activation": [
    63.72373580932617,
    51.59029006958008,
    78.72374725341797,
    87.30956268310547,
    64.95269012451172,
    69.16455078125,
    75.88765716552734,
    83.26117706298828,
    64.90180969238281,
    56.25552749633789,
    48.18439483642578,
    71.95578002929688,
    52.00495147705078,
    66.3917007446289,
    82.45768737792969,
    64.79594421386719,
    57.15996551513672,
    111.29387664794922,
    64.3904037475586,
    68.2226791381836,
    82.69178771972656,
    61.014591217041016,
    72.22249603271484,
    75.67903900146484,
    61.115516662597656
  ],
  "n_dead_features": 0
}