{"loss_total": [1.5984620809555055, 1.3606064081192017, 1.254099726676941, 1.175202202796936, 1.1213610649108887, 1.0638263463973998, 1.0213600158691407, 0.9732476592063903, 0.9327364921569824, 0.9008046150207519, 0.8697147846221924, 0.8406275033950805, 0.8182011604309082, 0.7877489447593689, 0.764872944355011, 0.7405046343803405, 0.7222322940826416, 0.7058899760246277, 0.6890623092651367, 0.6742027997970581, 0.667210578918457, 0.6553468823432922, 0.6468954086303711, 0.6381644964218139, 0.6329938054084778, 0.628820288181305, 0.6192967891693115, 0.6133651256561279, 0.6070867776870728, 0.6034592151641845, 0.5999558568000793, 0.5961185216903686, 0.5892946362495423, 0.5896430611610413, 0.582902979850769, 0.5837552309036255, 0.5794594764709473, 0.5791930556297302, 0.5754260659217835, 0.5759934544563293, 0.5749079465866089, 0.5727925658226013, 0.5692731022834778, 0.5680094599723816, 0.5673695087432862, 0.5679932475090027, 0.5624183654785156, 0.5610913038253784, 0.5632322907447815, 0.5615736722946167], "loss_rec": [1.5982577085494996, 1.359943652153015, 1.2531975030899047, 1.1741938591003418, 1.1202717781066895, 1.062599205970764, 1.019837784767151, 0.9711530447006226, 0.9297378063201904, 0.8967847466468811, 0.8649653315544128, 0.8355478882789612, 0.81306232213974, 0.7827199697494507, 0.7600000977516175, 0.7357823133468628, 0.7176446437835693, 0.7014447450637817, 0.6847432255744934, 0.670027208328247, 0.6631925940513611, 0.6514753818511962, 0.6431537389755249, 0.6345081448554992, 0.6293901920318603, 0.625277829170227, 0.6158027052879333, 0.6098977565765381, 0.6036383867263794, 0.6000212073326111, 0.5964967608451843, 0.5926326394081116, 0.5857722640037537, 0.5860826849937439, 0.5793166756629944, 0.5801294565200805, 0.5757839560508728, 0.5755081057548523, 0.5717406511306763, 0.5722867369651794, 0.5711732745170593, 0.5690282106399536, 0.5654887318611145, 0.564214563369751, 0.5635786533355713, 0.5642065286636353, 0.558635675907135, 0.5573139786720276, 0.5594582796096802, 0.5578028798103333], "loss_con": [0.0020434826728887856, 0.006627793703228235, 0.009022396057844162, 0.010083306580781937, 0.010892976075410843, 0.012271324917674065, 0.015222457051277161, 0.020946277678012847, 0.029986730590462685, 0.040198779106140135, 0.047494469583034514, 0.050796186178922655, 0.051388344168663024, 0.05028974413871765, 0.04872846007347107, 0.047223284095525744, 0.0458764486014843, 0.04445231035351753, 0.04319088086485863, 0.04175588935613632, 0.04017981812357903, 0.03871501386165619, 0.03741664364933968, 0.036563584208488466, 0.03603609129786491, 0.035424529761075976, 0.03494073674082756, 0.034673725813627244, 0.03448393568396568, 0.034379950165748595, 0.03459091037511826, 0.034858716279268266, 0.035223789513111115, 0.03560380563139916, 0.035862985998392105, 0.03625775054097176, 0.03675517067313194, 0.036849728971719745, 0.036854105442762373, 0.03706716895103455, 0.037346699833869935, 0.03764359652996063, 0.03784376904368401, 0.03794900104403496, 0.03790851533412933, 0.03786707147955894, 0.0378267839550972, 0.03777315616607666, 0.037740010768175125, 0.037708062678575516], "var_explained": [[0, -0.4234640598297119], [10, 0.15084707736968994], [20, 0.34555351734161377], [30, 0.40674036741256714], [40, 0.43237143754959106], [49, 0.4462573528289795]]}