{
  "layer": 28,
  "n_features": 50,
  "k": 6,
  "d_model": 5120,
  "constraint_type": "hierarchical",
  "var_explained": 0.5543034374713898,
  "final_loss": 0.4547011971473694,
  "n_dead_features": 0
}