{
  "layer": 28,
  "n_features": 50,
  "consistency": 0.12222222222222222,
  "completeness": 1.0,
  "independence": 0.0,
  "composite": 0.37407407407407406,
  "feature_activation_freq": [
    0.06622222222222222,
    0.028444444444444446,
    0.04133333333333333,
    0.020888888888888887,
    0.088,
    0.04755555555555555,
    0.060444444444444446,
    0.12355555555555556,
    0.013333333333333334,
    0.08888888888888889,
    0.09422222222222222,
    0.012888888888888889,
    0.10133333333333333,
    0.008888888888888889,
    0.08711111111111111,
    0.11555555555555555,
    0.021777777777777778,
    0.07333333333333333,
    0.06666666666666667,
    0.9746666666666667,
    0.017777777777777778,
    0.4622222222222222,
    0.026222222222222223,
    0.08844444444444445,
    0.036444444444444446,
    0.07066666666666667,
    0.10444444444444445,
    0.11822222222222223,
    0.608,
    0.10622222222222222,
    0.04711111111111111,
    0.21022222222222223,
    0.11688888888888889,
    0.030666666666666665,
    0.09644444444444444,
    0.018666666666666668,
    0.11911111111111111,
    0.04533333333333334,
    0.03688888888888889,
    0.54,
    0.02311111111111111,
    0.04711111111111111,
    0.010666666666666666,
    0.4711111111111111,
    0.27066666666666667,
    0.016888888888888887,
    0.04711111111111111,
    0.02666666666666667,
    0.022222222222222223,
    0.029333333333333333
  ]
}