{
  "activation_frequency": [
    0.11777777777777777,
    0.07733333333333334,
    0.08044444444444444,
    0.09422222222222222,
    0.11466666666666667,
    0.09911111111111111,
    0.11688888888888889,
    0.058222222222222224,
    0.14666666666666667,
    0.128,
    0.12933333333333333,
    0.04044444444444444,
    0.1608888888888889,
    0.04888888888888889,
    0.15288888888888888,
    0.09422222222222222,
    0.06933333333333333,
    0.08577777777777777,
    0.1288888888888889,
    0.15244444444444444,
    0.172,
    0.14444444444444443,
    0.104,
    0.14577777777777778,
    0.07777777777777778,
    0.11733333333333333,
    0.10044444444444445,
    0.05377777777777778,
    0.21777777777777776,
    0.14355555555555555,
    0.044444444444444446,
    0.11333333333333333,
    0.1582222222222222,
    0.10977777777777778,
    0.16844444444444445,
    0.06933333333333333,
    0.19511111111111112,
    0.25155555555555553,
    0.08622222222222223,
    0.19777777777777777,
    0.06,
    0.16844444444444445,
    0.035555555555555556,
    0.07422222222222222,
    0.07155555555555555,
    0.10933333333333334,
    0.17155555555555554,
    0.10133333333333333,
    0.13777777777777778,
    0.05422222222222222
  ],
  "mean_activation": [
    1.7178759574890137,
    1.4309844970703125,
    1.7815752029418945,
    1.0688856840133667,
    2.1398048400878906,
    1.9975273609161377,
    2.491224527359009,
    1.103826642036438,
    1.717745065689087,
    2.353663206100464,
    1.8411651849746704,
    0.8772413730621338,
    2.4749152660369873,
    0.7184269428253174,
    2.34468936920166,
    2.4275498390197754,
    1.2584253549575806,
    1.3464620113372803,
    2.8488550186157227,
    2.8074066638946533,
    2.429206132888794,
    2.0671277046203613,
    1.4863446950912476,
    3.519908905029297,
    1.0483462810516357,
    1.6810399293899536,
    1.336148738861084,
    0.759539783000946,
    3.3721556663513184,
    3.71079158782959,
    1.1917825937271118,
    2.1714136600494385,
    2.4161415100097656,
    1.8517582416534424,
    2.446002721786499,
    1.3538883924484253,
    3.805776357650757,
    3.6809608936309814,
    1.6698541641235352,
    3.4489104747772217,
    1.2252469062805176,
    2.6306755542755127,
    0.8240726590156555,
    1.8464897871017456,
    1.027979850769043,
    1.8494564294815063,
    2.794400453567505,
    1.398423433303833,
    2.0156328678131104,
    1.3016266822814941
  ],
  "max_activation": [
    75.94851684570312,
    69.29766845703125,
    91.78418731689453,
    73.39585876464844,
    73.48502349853516,
    108.52019500732422,
    68.128662109375,
    83.09336853027344,
    58.83926010131836,
    73.6166763305664,
    63.45016098022461,
    81.45935821533203,
    53.559722900390625,
    75.50776672363281,
    59.61984634399414,
    53.499549865722656,
    71.29177856445312,
    53.75204849243164,
    85.88558959960938,
    61.331504821777344,
    57.402992248535156,
    50.568145751953125,
    61.1797981262207,
    53.32970428466797,
    64.20764923095703,
    58.62276840209961,
    58.818050384521484,
    82.05142974853516,
    59.3508186340332,
    78.37007904052734,
    86.12810516357422,
    98.3170394897461,
    62.51484680175781,
    77.2796859741211,
    48.85668182373047,
    80.39949798583984,
    58.50067901611328,
    47.88685607910156,
    83.93767547607422,
    66.01705932617188,
    59.25568771362305,
    49.00838088989258,
    89.58915710449219,
    85.11957550048828,
    62.181434631347656,
    71.64913940429688,
    46.48948287963867,
    58.08370590209961,
    53.78120803833008,
    92.03897094726562
  ],
  "n_dead_features": 0
}