{"loss_total": [1.5232517719268799, 1.294191336631775, 1.199853277206421, 1.12408127784729, 1.059732484817505, 0.99229975938797, 0.9471249580383301, 0.9031553387641906, 0.8608299136161804, 0.8301997423171997, 0.7974562048912048, 0.7590497851371765, 0.7243878006935119, 0.6899770259857178, 0.6632484674453736, 0.6400346755981445, 0.6160625338554382, 0.5993937611579895, 0.5812991619110107, 0.5665836095809936, 0.553934371471405, 0.5464179635047912, 0.5326117753982544, 0.5254304647445679, 0.5170123457908631, 0.5112388908863068, 0.5023334085941314, 0.5006845176219941, 0.49629917144775393, 0.48603578209877013, 0.48086469769477846, 0.48102679252624514, 0.4751325070858002, 0.4742665827274323, 0.4736791491508484, 0.46760979294776917, 0.4641792237758636, 0.46666349172592164, 0.4609960615634918, 0.4624483048915863, 0.4585416793823242, 0.46086432933807375, 0.4548157572746277, 0.4576575219631195, 0.4557073175907135, 0.4549338579177856, 0.45250173211097716, 0.45518760085105897, 0.45002052187919617, 0.4547011971473694], "loss_rec": [1.5231162071228028, 1.2938791275024415, 1.1994124174118042, 1.1235118865966798, 1.058988618850708, 0.9912060856819153, 0.9454011678695678, 0.900614058971405, 0.8575601696968078, 0.8264754176139831, 0.7935906410217285, 0.7553141117095947, 0.7208888411521912, 0.6866982817649842, 0.6601703405380249, 0.6371237874031067, 0.6132903456687927, 0.5967492461204529, 0.578764271736145, 0.564135205745697, 0.5515671849250794, 0.5441196203231812, 0.5303496360778809, 0.5231826066970825, 0.5147753953933716, 0.5090128362178803, 0.5001131474971772, 0.4984693467617035, 0.494085305929184, 0.4838108539581299, 0.47862784266471864, 0.4787836313247681, 0.4728781580924988, 0.4719957888126373, 0.471393346786499, 0.46530545949935914, 0.4618560016155243, 0.46431936621665953, 0.458635014295578, 0.46006497740745544, 0.456134033203125, 0.45843672156333926, 0.45236908793449404, 0.45519272089004514, 0.4532268285751343, 0.45244404673576355, 0.4499980270862579, 0.4526717603206635, 0.44749483466148376, 0.4521695077419281], "loss_con": [0.001355561742093414, 0.003121965751051903, 0.004408543650060892, 0.0056940924376249315, 0.0074387362226843836, 0.010936441458761692, 0.017237969487905503, 0.025412634015083313, 0.032697534561157225, 0.03724308535456657, 0.03865552023053169, 0.03735681250691414, 0.03498965948820114, 0.032787490636110306, 0.030781298503279687, 0.02910892739892006, 0.02772184871137142, 0.026445158943533897, 0.02534879744052887, 0.0244839359074831, 0.023671894520521163, 0.022983379289507867, 0.022621433064341546, 0.022478617355227472, 0.02236947976052761, 0.022260462492704393, 0.022202665731310845, 0.022151756659150125, 0.02213863208889961, 0.022249255701899527, 0.022368604317307472, 0.022431545332074164, 0.02254350818693638, 0.022707952558994292, 0.022858015820384027, 0.023043286800384522, 0.023232220858335494, 0.023441249504685402, 0.023610447347164155, 0.023833274096250533, 0.024076402187347412, 0.024276132136583327, 0.0244666900485754, 0.024648119136691092, 0.02480488792061806, 0.024898084998130798, 0.02503708265721798, 0.025158444419503212, 0.025256846845149995, 0.025316911563277245], "var_explained": [[0, -0.3402116298675537], [10, 0.23278379440307617], [20, 0.454401433467865], [30, 0.5217235684394836], [40, 0.5445701777935028], [49, 0.5543034374713898]]}