{
  "layer": 8,
  "n_features": 20,
  "k": 4,
  "d_model": 5120,
  "constraint_type": "hierarchical",
  "var_explained": 0.7143175899982452,
  "final_loss": 0.2905787229537964,
  "n_dead_features": 0
}