{
  "layer": 8,
  "n_features": 20,
  "consistency": 0.8893333333333333,
  "completeness": 1.0,
  "independence": 0.0,
  "composite": 0.6297777777777778,
  "feature_activation_freq": [
    0.0,
    1.0,
    0.16133333333333333,
    0.0,
    0.0008888888888888889,
    0.7755555555555556,
    0.0,
    0.0,
    0.0,
    0.0,
    0.0,
    0.0,
    0.03333333333333333,
    0.2986666666666667,
    0.0,
    0.0,
    0.0,
    0.010666666666666666,
    0.0022222222222222222,
    0.012444444444444444
  ]
}