{
  "activation_frequency": [
    0.15155555555555555,
    0.14666666666666667,
    0.10622222222222222,
    0.4777777777777778,
    0.3297777777777778,
    0.059555555555555556,
    0.2768888888888889,
    0.06533333333333333,
    0.3942222222222222,
    0.08088888888888889,
    0.5373333333333333,
    0.03333333333333333,
    0.050666666666666665,
    0.4955555555555556,
    0.21777777777777776,
    0.22,
    0.03955555555555555,
    0.06755555555555555,
    0.042222222222222223,
    0.03244444444444444
  ],
  "mean_activation": [
    3.4301202297210693,
    12.566768646240234,
    3.1401541233062744,
    8.452141761779785,
    7.418201446533203,
    2.3085029125213623,
    3.7340786457061768,
    2.3752989768981934,
    6.967317581176758,
    2.487302303314209,
    8.713940620422363,
    1.8897026777267456,
    2.0932023525238037,
    8.37264347076416,
    2.9044177532196045,
    3.9675824642181396,
    2.381596326828003,
    1.1792482137680054,
    2.0250515937805176,
    1.2679868936538696
  ],
  "max_activation": [
    62.160762786865234,
    119.57972717285156,
    68.19029998779297,
    56.47177505493164,
    70.8221435546875,
    97.8917007446289,
    52.04874801635742,
    94.30987548828125,
    50.13907241821289,
    63.938968658447266,
    44.673828125,
    92.3814926147461,
    81.71446990966797,
    40.088722229003906,
    51.24884033203125,
    54.70586395263672,
    121.00281524658203,
    107.58285522460938,
    93.48038482666016,
    107.40603637695312
  ],
  "n_dead_features": 0
}