{"loss_total": [1.6189902544021606, 1.2126736164093017, 1.0657292366027833, 0.9607380390167236, 0.8791148900985718, 0.7918856739997864, 0.7176373600959778, 0.6592461943626404, 0.6016295552253723, 0.5561493396759033, 0.5177894473075867, 0.48757829070091246, 0.45813573002815244, 0.44091127514839173, 0.42116181254386903, 0.4060850977897644, 0.39148097634315493, 0.3817727744579315, 0.3755489230155945, 0.36618099808692933, 0.3558326303958893, 0.3491822898387909, 0.341503381729126, 0.33921562433242797, 0.3328825652599335, 0.32936765551567077, 0.3246016025543213, 0.32347971200942993, 0.3177095651626587, 0.3163438498973846, 0.31319663524627683, 0.3116817831993103, 0.30925552248954774, 0.3078750669956207, 0.307968270778656, 0.30580395460128784, 0.3044108510017395, 0.30122471451759336, 0.30120533108711245, 0.3008551836013794, 0.3008887946605682, 0.2981734395027161, 0.29752676486968993, 0.2957509756088257, 0.295143061876297, 0.2950025498867035, 0.2944458246231079, 0.291405189037323, 0.29097482562065125, 0.2905787229537964], "loss_rec": [1.618689489364624, 1.2115870475769044, 1.0642021536827087, 0.9587246298789978, 0.8760326147079468, 0.7869108438491821, 0.7105169773101807, 0.6507689356803894, 0.5928191781044007, 0.547608757019043, 0.5097372472286225, 0.4800684928894043, 0.4511158764362335, 0.4342842876911163, 0.41485399603843687, 0.4000730276107788, 0.38573341965675356, 0.37624126076698305, 0.3702048122882843, 0.36099075675010683, 0.35075139403343203, 0.34419692158699033, 0.3365940511226654, 0.3343403279781342, 0.32803107500076295, 0.3245957374572754, 0.31991872787475584, 0.3188362896442413, 0.3130944907665253, 0.31178575158119204, 0.3087080240249634, 0.3072474360466003, 0.3048562049865723, 0.30348752737045287, 0.3036061882972717, 0.301469498872757, 0.3001102924346924, 0.2969566583633423, 0.296946382522583, 0.2965970814228058, 0.29664215445518494, 0.2939771056175232, 0.2933457732200623, 0.2915492653846741, 0.2909592568874359, 0.29085877537727356, 0.29031615853309634, 0.287303227186203, 0.2868924379348755, 0.2865096390247345], "loss_con": [0.00300743009429425, 0.010865601897239684, 0.015270866453647614, 0.020134055987000465, 0.03082283027470112, 0.049748309701681134, 0.0712039515376091, 0.08477273285388946, 0.08810371458530426, 0.08540588319301605, 0.08052191734313965, 0.0750979721546173, 0.07019856870174408, 0.06626988649368286, 0.06307820528745652, 0.06012067720293999, 0.05747559890151024, 0.05531508028507233, 0.05344111397862435, 0.0519023634493351, 0.05081240907311439, 0.049853672832250596, 0.04909329935908317, 0.048752961307764055, 0.04851494953036308, 0.04771925956010818, 0.04682870283722877, 0.04643422290682793, 0.04615074768662453, 0.04558094963431358, 0.04488612189888954, 0.04434342309832573, 0.04399322494864464, 0.0438754491508007, 0.04362092688679695, 0.043344531953334806, 0.043005555868148804, 0.04268058389425278, 0.04258948788046837, 0.04258105680346489, 0.042466431856155396, 0.04196336567401886, 0.04180989116430282, 0.042017143219709396, 0.041838023066520694, 0.04143776670098305, 0.04129665046930313, 0.04101964980363846, 0.040823910385370255, 0.04069082885980606], "var_explained": [[0, -0.2970165014266968], [10, 0.5100076794624329], [20, 0.6539545953273773], [30, 0.6921334862709045], [40, 0.7059989273548126], [49, 0.7143175899982452]]}