{
  "layer": 8,
  "n_features": 25,
  "k": 4,
  "d_model": 5120,
  "constraint_type": "hierarchical",
  "var_explained": 0.7417539656162262,
  "final_loss": 0.2640850365161896,
  "n_dead_features": 0
}