{
  "layer": 8,
  "n_features": 25,
  "consistency": 0.30533333333333335,
  "completeness": 1.0,
  "independence": 0.0,
  "composite": 0.43511111111111117,
  "feature_activation_freq": [
    0.0,
    0.033777777777777775,
    0.028,
    0.004,
    0.1368888888888889,
    0.03111111111111111,
    0.49955555555555553,
    0.0,
    0.0,
    0.0,
    0.0,
    0.0,
    0.0,
    0.00044444444444444447,
    0.0,
    0.0,
    0.0,
    0.0,
    0.5542222222222222,
    1.0,
    0.916,
    0.076,
    0.6986666666666667,
    0.0,
    0.020444444444444446
  ]
}