{
  "activation_frequency": [
    0.04622222222222222,
    0.06222222222222222,
    0.06666666666666667,
    0.051111111111111114,
    0.1408888888888889,
    0.13155555555555556,
    0.4022222222222222,
    0.2511111111111111,
    0.064,
    0.025333333333333333,
    0.1791111111111111,
    0.35644444444444445,
    0.076,
    0.07511111111111111,
    0.18577777777777776,
    0.37066666666666664,
    0.13777777777777778,
    0.11422222222222222,
    0.051111111111111114,
    0.29288888888888887,
    0.3928888888888889,
    0.1817777777777778,
    0.1431111111111111,
    0.12622222222222224,
    0.03111111111111111
  ],
  "mean_activation": [
    2.5083394050598145,
    2.5525195598602295,
    2.713283061981201,
    1.9496855735778809,
    11.121746063232422,
    4.3472676277160645,
    6.611490726470947,
    3.4781241416931152,
    2.832397937774658,
    1.37637197971344,
    3.3224897384643555,
    5.877559185028076,
    3.0173137187957764,
    0.8352084159851074,
    3.0806844234466553,
    6.049404621124268,
    2.634104013442993,
    1.427331805229187,
    2.768946409225464,
    4.107172012329102,
    7.47384786605835,
    2.8308486938476562,
    3.950164556503296,
    2.037137746810913,
    2.335679769515991
  ],
  "max_activation": [
    94.05451202392578,
    85.7744369506836,
    87.47785186767578,
    99.5283432006836,
    124.78972625732422,
    95.38162231445312,
    41.49087905883789,
    48.726993560791016,
    76.57049560546875,
    87.24697875976562,
    51.72798538208008,
    44.584083557128906,
    112.29684448242188,
    32.284366607666016,
    57.91539764404297,
    45.6165771484375,
    58.138790130615234,
    38.69335174560547,
    99.61463165283203,
    44.94602584838867,
    48.38398361206055,
    61.54269027709961,
    82.0721435546875,
    54.22170639038086,
    117.93513488769531
  ],
  "n_dead_features": 0
}