{"loss_total": [1.5682754278182984, 1.1912817001342773, 1.0481318354606628, 0.9520537614822387, 0.8435240983963013, 0.7615714311599732, 0.7012213468551636, 0.6504135012626648, 0.5927699089050293, 0.5390397071838379, 0.4948617458343506, 0.46283064484596254, 0.4320819079875946, 0.40746148228645324, 0.38945581316947936, 0.37252835035324094, 0.36236110925674436, 0.35065594911575315, 0.3420579254627228, 0.33236066102981565, 0.326077276468277, 0.3204091191291809, 0.31558034420013426, 0.31049408912658694, 0.3060089647769928, 0.3023321568965912, 0.29954077005386354, 0.2977902114391327, 0.2955356419086456, 0.2921600878238678, 0.2905170679092407, 0.2874293327331543, 0.28555241227149963, 0.28388898968696596, 0.28058823347091677, 0.28038873672485354, 0.2777265667915344, 0.2767903685569763, 0.2759939432144165, 0.27372288703918457, 0.27368517518043517, 0.27154130339622495, 0.2702448725700378, 0.26944825053215027, 0.269445663690567, 0.2674749970436096, 0.26742600202560424, 0.26556909680366514, 0.2640374183654785, 0.2640850365161896], "loss_rec": [1.5680217742919922, 1.1904170036315918, 1.0467978954315185, 0.9500614762306213, 0.8401209592819214, 0.7559693574905395, 0.6935210585594177, 0.6415941834449768, 0.5837642908096313, 0.5303024291992188, 0.48656338453292847, 0.45507258772850034, 0.4248058617115021, 0.4005268692970276, 0.3827715337276459, 0.36611518263816833, 0.35619943141937255, 0.3446941554546356, 0.33626307249069215, 0.3267096817493439, 0.3205354630947113, 0.3149811148643494, 0.31026915907859803, 0.3052891492843628, 0.30091241002082825, 0.2973413646221161, 0.2946442663669586, 0.2929848968982697, 0.29083303809165956, 0.28755799531936643, 0.2859882414340973, 0.28296293020248414, 0.2811504065990448, 0.27956318855285645, 0.2763096749782562, 0.2761495530605316, 0.27354601621627805, 0.2726541757583618, 0.2718893885612488, 0.26964794397354125, 0.2696354568004608, 0.2675070345401764, 0.2662381649017334, 0.2655084192752838, 0.26551737189292907, 0.26354292035102844, 0.26352518796920776, 0.2616826891899109, 0.2601623237133026, 0.2602143406867981], "loss_con": [0.002536733925808221, 0.008647105190902948, 0.013339210487902164, 0.019922954589128496, 0.034031492471694944, 0.05602068603038788, 0.07700290232896805, 0.08819315433502198, 0.0900562807917595, 0.08737281113862991, 0.08298354744911193, 0.07758061587810516, 0.07276053577661515, 0.06934616416692733, 0.06684280633926391, 0.06413174122571945, 0.06161677688360214, 0.05961796045303345, 0.05794864892959595, 0.05650982558727265, 0.05541813895106316, 0.054280021041631696, 0.0531119130551815, 0.052049290388822556, 0.050965596735477445, 0.049907909333705903, 0.048965039849281314, 0.04805319979786873, 0.04702606722712517, 0.046020932495594025, 0.04528825506567955, 0.04466404616832733, 0.044020067900419235, 0.04325804114341736, 0.042785536497831345, 0.04239186942577362, 0.041805483400821686, 0.04136195406317711, 0.04104550108313561, 0.040749344229698184, 0.04049716889858246, 0.04034270718693733, 0.040067105740308764, 0.039398353546857834, 0.03928292915225029, 0.03932076692581177, 0.0390081413090229, 0.03886399567127228, 0.03875099346041679, 0.03870692178606987], "var_explained": [[0, -0.2654893398284912], [10, 0.533574640750885], [20, 0.6831642687320709], [30, 0.7167691588401794], [40, 0.7323765158653259], [49, 0.7417539656162262]]}