{
  "trigger_feature_matrix": [
    [
      27.055770874023438,
      0.0,
      2.6601083278656006
    ],
    [
      18.042373657226562,
      0.0,
      10.4867582321167
    ],
    [
      29.140878677368164,
      0.0,
      7.838904857635498
    ],
    [
      21.282142639160156,
      0.0,
      3.0963311195373535
    ],
    [
      22.470134735107422,
      0.0,
      4.634479522705078
    ],
    [
      24.548145294189453,
      0.0,
      5.123157024383545
    ],
    [
      12.992692947387695,
      0.0,
      10.458799362182617
    ],
    [
      32.072120666503906,
      0.0,
      3.056608200073242
    ],
    [
      19.468341827392578,
      0.0,
      8.353875160217285
    ],
    [
      27.31896209716797,
      0.0,
      4.771299839019775
    ],
    [
      29.441234588623047,
      0.0,
      5.90389347076416
    ],
    [
      24.23680877685547,
      0.0,
      9.575807571411133
    ],
    [
      34.742027282714844,
      0.0,
      4.533318996429443
    ],
    [
      16.123519897460938,
      0.0,
      7.7333831787109375
    ],
    [
      41.534942626953125,
      0.0,
      3.7756030559539795
    ]
  ],
  "trigger_names": [
    "Authority",
    "Certainty",
    "Emotional/ Affective",
    "Established Fact",
    "Experience",
    "Expert Belief",
    "Future Consensus",
    "High Stakes",
    "Limitation",
    "Negative Incentive",
    "Popular Consensus",
    "Positive Incentive",
    "Prior Agreement",
    "Self-Validation",
    "Uncertainty"
  ],
  "tone_feature_matrix": [
    [
      26.518125534057617,
      0.0,
      5.853146553039551
    ],
    [
      28.12235450744629,
      0.0,
      8.257486343383789
    ],
    [
      21.453536987304688,
      0.0,
      4.289831638336182
    ]
  ],
  "tone_names": [
    "mid",
    "strong",
    "weak"
  ],
  "domain_feature_matrix": [
    [
      20.71466636657715,
      0.0,
      6.567043304443359
    ],
    [
      27.63459587097168,
      0.0,
      4.076031684875488
    ],
    [
      25.508817672729492,
      0.0,
      5.07628870010376
    ],
    [
      22.38153076171875,
      0.0,
      7.080065727233887
    ],
    [
      30.583744049072266,
      0.0,
      7.868014335632324
    ]
  ],
  "domain_names": [
    "Health & Medicine",
    "Humanities",
    "Political Opinion",
    "STEM",
    "Socio-Economic"
  ]
}