{
  "activation_frequency": [
    0.018666666666666668,
    0.020888888888888887,
    0.014666666666666666
  ],
  "mean_activation": [
    0.23480194807052612,
    0.21952734887599945,
    0.20868155360221863
  ],
  "max_activation": [
    33.12025451660156,
    36.685604095458984,
    50.726524353027344
  ],
  "n_dead_features": 0
}