{"loss_total": [1.7359075546264648, 1.4989615678787231, 1.3472466945648194, 1.229394006729126, 1.152329444885254, 1.0983944892883302, 1.0726375579833984, 1.0458356618881226, 1.0377734899520874, 1.0311513185501098, 1.0248001575469972, 1.017688775062561, 1.0156703472137452, 1.0177879452705383, 1.010045313835144, 1.0158164620399475, 1.006636345386505, 1.006571400165558, 1.008822464942932, 1.0016172766685485, 1.0059247732162475, 1.0063637137413024, 1.0039419770240783, 1.0062459230422973, 1.0048006892204284, 1.0012551903724671, 1.0040926218032837, 0.9997845888137817, 1.0001169562339782, 1.00570946931839, 1.0011319756507873, 1.0019161105155945, 1.0010771989822387, 1.0027546525001525, 1.0018332123756408, 0.9966658234596253, 1.0008649349212646, 1.0001555323600768, 0.9986785411834717, 0.997048819065094, 0.9983405470848083, 0.9996630191802979, 0.9955383658409118, 1.0024954557418824, 1.0018739461898805, 1.0016815900802611, 0.9999526143074036, 0.995848536491394, 1.001631259918213, 1.0016258358955383], "loss_rec": [1.7358786106109618, 1.4989552974700928, 1.3472392559051514, 1.2293800830841064, 1.152312421798706, 1.0983786821365356, 1.0726240396499633, 1.0458240509033203, 1.037763738632202, 1.0311437845230103, 1.0247943639755248, 1.0176841974258424, 1.0156668424606323, 1.0177849173545837, 1.0100430011749268, 1.0158147811889648, 1.0066345453262329, 1.0065697193145753, 1.0088212966918946, 1.001616406440735, 1.0059239268302917, 1.006362760066986, 1.0039411425590514, 1.0062453866004943, 1.0048003196716309, 1.0012548327445985, 1.0040922522544862, 0.9997841835021972, 1.0001165390014648, 1.005709135532379, 1.0011317014694214, 1.0019158601760865, 1.0010769724845887, 1.0027544975280762, 1.0018330097198487, 0.9966655731201172, 1.0008646845817566, 1.0001553177833558, 0.9986784219741821, 0.9970487117767334, 0.9983403444290161, 0.9996627807617188, 0.9955382585525513, 1.0024953722953795, 1.001873826980591, 1.0016814589500427, 0.999952495098114, 0.9958484053611756, 1.0016310453414916, 1.0016256809234618], "loss_con": [0.00028961242933291944, 6.237539637368172e-05, 7.44079050491564e-05, 0.0001391754747601226, 0.00017025489069055766, 0.00015819145482964814, 0.00013503805967047812, 0.00011605273903114721, 9.727596043376252e-05, 7.543594401795417e-05, 5.802008745376952e-05, 4.5734733430435884e-05, 3.518083176459186e-05, 3.0224786314647645e-05, 2.3063285698299297e-05, 1.689764940238092e-05, 1.8261105287820102e-05, 1.6915082051127682e-05, 1.184827160614077e-05, 8.649412302474957e-06, 8.607793461123947e-06, 9.61856003414141e-06, 8.331280605489156e-06, 5.328781026037177e-06, 3.582595400075661e-06, 3.502265417409944e-06, 3.876016444337438e-06, 4.1080590563069565e-06, 4.2374571421532895e-06, 3.3771654670999853e-06, 2.6984638680005445e-06, 2.6969161353918024e-06, 2.147138684449601e-06, 1.56091100507183e-06, 1.937990759870445e-06, 2.6632905701262645e-06, 2.6651553980627797e-06, 2.1108227883814836e-06, 1.2285167485970305e-06, 9.540489486425941e-07, 2.13371818063024e-06, 2.4831538667058338e-06, 1.151982007741026e-06, 7.469281058547494e-07, 1.3371923841987154e-06, 1.39049950576009e-06, 1.038861853430717e-06, 1.2574639185913838e-06, 1.925421133819327e-06, 1.3951746041129808e-06], "var_explained": [[0, -0.5786184072494507], [10, -0.0190199613571167], [20, -0.004084587097167969], [30, -0.0012453794479370117], [40, 8.940696716308594e-07], [49, 0.0007859468460083008]]}