{
  "layer": 28,
  "n_features": 20,
  "consistency": 0.17155555555555554,
  "completeness": 1.0,
  "independence": 0.0,
  "composite": 0.3905185185185185,
  "feature_activation_freq": [
    0.050666666666666665,
    0.10888888888888888,
    0.05422222222222222,
    0.276,
    0.4582222222222222,
    0.04133333333333333,
    0.6337777777777778,
    0.06977777777777777,
    0.013777777777777778,
    0.029333333333333333,
    0.10622222222222222,
    0.08666666666666667,
    0.372,
    0.2822222222222222,
    0.8013333333333333,
    0.13244444444444445,
    0.029777777777777778,
    0.17466666666666666,
    0.25466666666666665,
    0.024
  ]
}