{
  "activation_frequency": [
    0.13466666666666666,
    0.12222222222222222,
    0.072,
    0.09377777777777778,
    0.17955555555555555,
    0.043111111111111114,
    0.25955555555555554,
    0.17244444444444446,
    0.10444444444444445,
    0.16666666666666666,
    0.13777777777777778,
    0.1497777777777778,
    0.07466666666666667,
    0.1831111111111111,
    0.1471111111111111,
    0.176,
    0.15466666666666667,
    0.31733333333333336,
    0.2991111111111111,
    0.05511111111111111
  ],
  "mean_activation": [
    2.9314606189727783,
    3.2171742916107178,
    1.4631834030151367,
    2.0876479148864746,
    3.4942357540130615,
    0.9804916381835938,
    5.020572662353516,
    2.9846627712249756,
    1.754492998123169,
    6.201120853424072,
    2.1143012046813965,
    2.619164228439331,
    1.5312050580978394,
    3.0226047039031982,
    2.891252040863037,
    2.798043966293335,
    2.4935576915740967,
    11.217759132385254,
    4.710136890411377,
    1.4102333784103394
  ],
  "max_activation": [
    68.08170318603516,
    57.161251068115234,
    77.72964477539062,
    76.10493469238281,
    62.35015869140625,
    109.63050079345703,
    50.340789794921875,
    65.24674987792969,
    86.01761627197266,
    77.79402160644531,
    72.81918334960938,
    70.02399444580078,
    61.23052978515625,
    81.5390625,
    72.98405456542969,
    77.41214752197266,
    69.33086395263672,
    64.91236114501953,
    55.845680236816406,
    75.80652618408203
  ],
  "n_dead_features": 0
}