{"loss_total": [1.646908736228943, 1.401466679573059, 1.2795202016830445, 1.201392936706543, 1.13281147480011, 1.0843951940536498, 1.0443974018096924, 1.0051902770996093, 0.9741873383522034, 0.9436091542243957, 0.9228804469108581, 0.9048078060150146, 0.8951807856559754, 0.880235242843628, 0.8639459729194641, 0.8449309945106507, 0.831924831867218, 0.8199171423912048, 0.8031129717826844, 0.790620219707489, 0.7811370015144348, 0.768907117843628, 0.7537783741950989, 0.7469640493392944, 0.7354737043380737, 0.7229927539825439, 0.7193592548370361, 0.7081783413887024, 0.6988384246826171, 0.6970849514007569, 0.6895483255386352, 0.68395916223526, 0.6808940768241882, 0.674718177318573, 0.6742953777313232, 0.6648597359657288, 0.6643589735031128, 0.662302839756012, 0.6607460260391236, 0.655627965927124, 0.6546914219856262, 0.6533844709396363, 0.6523524522781372, 0.6505244255065918, 0.6507807850837708, 0.6483269095420837, 0.6453946352005004, 0.6436988592147828, 0.6461660623550415, 0.6419787287712098], "loss_rec": [1.6466439723968507, 1.4005402326583862, 1.2781997203826905, 1.1998894929885864, 1.1312472581863404, 1.0828455686569214, 1.0428651094436645, 1.0035961627960206, 0.9723872184753418, 0.9414826512336731, 0.9204034805297852, 0.9020436048507691, 0.8922166109085083, 0.8771864771842957, 0.8609426736831665, 0.8420385599136353, 0.8291357755661011, 0.8172175884246826, 0.8004995703697204, 0.7880871295928955, 0.778688645362854, 0.7665456295013428, 0.7514895677566529, 0.7447325944900512, 0.7332748293876648, 0.7207916736602783, 0.7171509981155395, 0.7059541940689087, 0.6965769171714783, 0.694781756401062, 0.687183964252472, 0.6815249204635621, 0.6784019589424133, 0.6721674203872681, 0.6716836571693421, 0.6622071385383606, 0.6616739392280578, 0.6595816731452941, 0.658006227016449, 0.6528682947158814, 0.65191148519516, 0.6506128430366516, 0.6495724439620971, 0.6477307796478271, 0.6479883074760437, 0.6455293774604798, 0.6425930857658386, 0.6409196138381958, 0.6434034943580628, 0.6392206072807312], "loss_con": [0.0026476700091734528, 0.009264394734054804, 0.013204748556017876, 0.015034588985145092, 0.015642428770661354, 0.015496212989091873, 0.01532310713082552, 0.01594124659895897, 0.018001317232847213, 0.02126494385302067, 0.024769752472639083, 0.027642016112804414, 0.029641849920153618, 0.030487539246678352, 0.030033040419220926, 0.028924260288476944, 0.027890432626008987, 0.026995471864938735, 0.026134167984127998, 0.025330788642168044, 0.024483466520905495, 0.02361489348113537, 0.022887902706861495, 0.02231459729373455, 0.021988806873559953, 0.022010767832398415, 0.02208254374563694, 0.022241469100117685, 0.02261511981487274, 0.023031910136342048, 0.023643675819039346, 0.02434234768152237, 0.024921254068613053, 0.02550746835768223, 0.02611716538667679, 0.02652597725391388, 0.026850344985723494, 0.0272116556763649, 0.027397853881120683, 0.027596545219421387, 0.027799465507268906, 0.027716179564595222, 0.02780003137886524, 0.02793646901845932, 0.027924612909555436, 0.027975307777523994, 0.028015490993857382, 0.027792349830269812, 0.027625801786780358, 0.02758127376437187], "var_explained": [[0, -0.47210848331451416], [10, 0.08968394994735718], [20, 0.22968900203704834], [30, 0.3150319457054138], [40, 0.3492702841758728], [49, 0.36141496896743774]]}