{
  "layer": 8,
  "n_features": 12,
  "k": 3,
  "d_model": 5120,
  "constraint_type": "hierarchical",
  "var_explained": 0.6316214799880981,
  "final_loss": 0.3757406294345856,
  "n_dead_features": 0
}