{
  "layer": 8,
  "n_features": 12,
  "consistency": 0.676,
  "completeness": 1.0,
  "independence": 0.0,
  "composite": 0.5586666666666668,
  "feature_activation_freq": [
    0.11066666666666666,
    0.7835555555555556,
    0.0,
    0.8866666666666667,
    0.0,
    0.0,
    0.003111111111111111,
    0.016444444444444446,
    0.018666666666666668,
    0.0022222222222222222,
    0.0,
    0.9866666666666667
  ]
}