{
  "activation_frequency": [
    0.13111111111111112,
    0.056,
    0.112,
    0.16977777777777778,
    0.6497777777777778,
    0.4231111111111111,
    0.06266666666666666,
    0.07733333333333334,
    0.05333333333333334,
    0.025777777777777778,
    0.4875555555555556,
    0.47155555555555556
  ],
  "mean_activation": [
    11.21398639678955,
    2.30464506149292,
    4.2132134437561035,
    4.847044467926025,
    12.15466022491455,
    8.387249946594238,
    3.5569212436676025,
    4.5659260749816895,
    2.2070200443267822,
    1.888847827911377,
    8.536982536315918,
    9.823968887329102
  ],
  "max_activation": [
    128.72157287597656,
    89.40192413330078,
    104.65679931640625,
    96.12584686279297,
    50.84660720825195,
    74.97360229492188,
    149.522216796875,
    116.0475082397461,
    111.49723815917969,
    99.67970275878906,
    53.57661056518555,
    53.61823272705078
  ],
  "n_dead_features": 0
}