{"loss_total": [1.4797031879425049, 1.1945674419403076, 1.0801491737365723, 1.0020092964172362, 0.9027104020118714, 0.830957555770874, 0.7628750801086426, 0.7275135278701782, 0.6929245710372924, 0.6577885031700135, 0.633163332939148, 0.6107297301292419, 0.5783946275711059, 0.5572189569473267, 0.5301729083061218, 0.5087040066719055, 0.493057107925415, 0.47718257308006284, 0.4622259736061096, 0.45134522914886477, 0.4410970747470856, 0.43587817549705504, 0.42886955142021177, 0.42415414452552797, 0.41983402967453004, 0.41906697750091554, 0.41383345127105714, 0.4087549090385437, 0.40725876688957213, 0.40406922698020936, 0.4006314635276794, 0.39994375705718993, 0.3964506447315216, 0.3959409296512604, 0.3944163382053375, 0.39583680033683777, 0.3907734751701355, 0.3873618483543396, 0.38740804195404055, 0.3867203712463379, 0.38631468415260317, 0.3829557716846466, 0.38386125564575196, 0.3805209457874298, 0.37945804595947263, 0.3788318455219269, 0.38070111274719237, 0.3785484850406647, 0.37469499111175536, 0.3757406294345856], "loss_rec": [1.4793163776397704, 1.1929424047470092, 1.07777099609375, 0.9991534113883972, 0.8987194776535035, 0.8241000294685363, 0.7520130395889282, 0.7143114089965821, 0.6799610137939454, 0.6459626078605651, 0.6222986221313477, 0.6003971815109252, 0.5682960033416748, 0.5470201730728149, 0.5197800874710083, 0.49853709936141966, 0.48338802456855773, 0.46790199875831606, 0.45313366651535036, 0.44232470393180845, 0.4321149468421936, 0.4269129276275635, 0.420040363073349, 0.41549499034881593, 0.4113453567028046, 0.41073380708694457, 0.40561812520027163, 0.4006864905357361, 0.3992934823036194, 0.3961898863315582, 0.39285237789154054, 0.39228243231773374, 0.3888253390789032, 0.3883260369300842, 0.386867368221283, 0.38837271332740786, 0.3833494186401367, 0.3799025475978851, 0.37996565699577334, 0.379266220331192, 0.3788666784763336, 0.375583279132843, 0.3764897048473358, 0.3731046557426453, 0.3720745801925659, 0.3714781403541565, 0.37340582609176637, 0.37124266028404235, 0.36738665103912355, 0.36851572394371035], "loss_con": [0.003868447104468942, 0.016250510327517988, 0.02378177419304848, 0.028558944538235664, 0.039909259974956514, 0.06857528910040855, 0.10862037241458893, 0.1320212095975876, 0.12963562607765197, 0.11825907081365586, 0.10864698588848114, 0.10332557559013367, 0.10098620802164078, 0.10198774933815002, 0.1039282351732254, 0.10166910737752914, 0.0966908022761345, 0.09280577450990676, 0.09092309772968292, 0.09020527303218842, 0.08982121497392655, 0.08965246975421906, 0.08829190731048583, 0.08659151792526246, 0.08488670736551285, 0.0833317443728447, 0.08215323835611343, 0.08068421632051467, 0.07965281456708909, 0.07879342585802078, 0.07779080271720887, 0.0766132578253746, 0.07625306099653244, 0.07614892125129699, 0.07548967897891998, 0.07464088648557662, 0.07424053251743316, 0.07459297180175781, 0.07442382723093033, 0.0745414987206459, 0.07448008507490159, 0.0737249344587326, 0.07371562123298644, 0.07416291981935501, 0.0738346442580223, 0.07353702485561371, 0.07295280694961548, 0.07305823117494584, 0.07308339029550552, 0.07224900871515275], "var_explained": [[0, -0.27332615852355957], [10, 0.39433950185775757], [20, 0.570428341627121], [30, 0.6077757179737091], [40, 0.6235582828521729], [49, 0.6316214799880981]]}