{
  "layer": 14,
  "n_features": 25,
  "k": 4,
  "d_model": 5120,
  "constraint_type": "hierarchical",
  "var_explained": 0.5265609323978424,
  "final_loss": 0.4751987099647522,
  "n_dead_features": 0
}