{
  "layer": 14,
  "n_features": 25,
  "consistency": 0.24666666666666667,
  "completeness": 1.0,
  "independence": 0.0,
  "composite": 0.4155555555555555,
  "feature_activation_freq": [
    0.0057777777777777775,
    0.00044444444444444447,
    0.017777777777777778,
    0.16622222222222222,
    0.0057777777777777775,
    0.028888888888888888,
    0.22266666666666668,
    0.1511111111111111,
    0.008888888888888889,
    0.4671111111111111,
    0.019555555555555555,
    0.48444444444444446,
    0.009777777777777778,
    0.018666666666666668,
    0.0044444444444444444,
    0.116,
    0.28444444444444444,
    0.9582222222222222,
    0.01911111111111111,
    0.012888888888888889,
    0.2008888888888889,
    0.008888888888888889,
    0.0008888888888888889,
    0.7551111111111111,
    0.032
  ]
}