{
  "activation_frequency": [
    0.06355555555555556,
    0.10088888888888889,
    0.06977777777777777,
    0.31777777777777777,
    0.15688888888888888,
    0.20933333333333334,
    0.037333333333333336,
    0.23466666666666666,
    0.06088888888888889,
    0.21244444444444444,
    0.05288888888888889,
    0.06533333333333333,
    0.10888888888888888,
    0.15022222222222223,
    0.04888888888888889,
    0.23733333333333334,
    0.1368888888888889,
    0.30977777777777776,
    0.14755555555555555,
    0.05733333333333333,
    0.11155555555555556,
    0.1391111111111111,
    0.26844444444444443,
    0.124,
    0.08933333333333333
  ],
  "mean_activation": [
    1.1094261407852173,
    3.3171699047088623,
    2.613680601119995,
    6.206661701202393,
    2.215172290802002,
    4.670708656311035,
    1.31243896484375,
    3.9769349098205566,
    1.4346225261688232,
    3.537931203842163,
    1.5636473894119263,
    2.417423963546753,
    1.7863492965698242,
    2.167184352874756,
    1.0477083921432495,
    3.820901393890381,
    2.5520894527435303,
    6.8201985359191895,
    2.0474908351898193,
    1.5153698921203613,
    4.170368671417236,
    2.065263271331787,
    3.944061517715454,
    2.8436787128448486,
    2.598947048187256
  ],
  "max_activation": [
    104.99409484863281,
    62.05784606933594,
    95.08988189697266,
    86.57036590576172,
    72.9150619506836,
    69.99739074707031,
    142.4860076904297,
    128.06602478027344,
    85.20184326171875,
    75.49295806884766,
    87.29051208496094,
    82.27201843261719,
    77.49736022949219,
    74.90489196777344,
    111.90199279785156,
    81.43183898925781,
    79.3058090209961,
    72.40303802490234,
    80.55307006835938,
    117.72472381591797,
    74.49519348144531,
    79.39988708496094,
    77.23345184326172,
    96.01294708251953,
    79.5349349975586
  ],
  "n_dead_features": 0
}