{"loss_total": [1.5788657665252686, 1.307661247253418, 1.1851311206817627, 1.1172900438308715, 1.0497827768325805, 0.9900335192680358, 0.9402544498443604, 0.8933418989181519, 0.8531439661979675, 0.8124669075012207, 0.7807223081588746, 0.7475996375083923, 0.7059889316558838, 0.681881332397461, 0.6509573101997376, 0.6346614480018615, 0.6111070394515992, 0.5988374710083008, 0.5809669494628906, 0.5784658908843994, 0.5666449546813965, 0.5551642775535583, 0.5468784689903259, 0.5428833842277527, 0.5334581136703491, 0.529172956943512, 0.520675677061081, 0.5190158367156983, 0.5146532177925109, 0.5068590342998505, 0.5047571122646332, 0.5060916543006897, 0.5019921362400055, 0.4989295184612274, 0.4967357277870178, 0.49395728707313535, 0.48896623253822324, 0.493838894367218, 0.48676885962486266, 0.4867950797080994, 0.48747642040252687, 0.48823089003562925, 0.48422005772590637, 0.4832225203514099, 0.48321559429168703, 0.47851595282554626, 0.48109428882598876, 0.4802453875541687, 0.4772117853164673, 0.4751987099647522], "loss_rec": [1.5786434412002563, 1.3069674253463746, 1.1841782569885253, 1.1162063598632812, 1.0485838651657104, 0.9886197328567505, 0.9383917331695557, 0.8907141566276551, 0.8495693206787109, 0.808169960975647, 0.7761349320411682, 0.7430134892463685, 0.7015380740165711, 0.6776139140129089, 0.6468533754348755, 0.6306529521942139, 0.6071408987045288, 0.5949099659919739, 0.5771174430847168, 0.5746846795082092, 0.562924587726593, 0.5514927983283997, 0.5432740926742554, 0.5393411159515381, 0.5299620747566223, 0.5257200002670288, 0.5172509729862214, 0.5156298279762268, 0.511308217048645, 0.5035264074802399, 0.5014411270618438, 0.5028030633926391, 0.4987249314785004, 0.4956539452075958, 0.4934230625629425, 0.49062403440475466, 0.48565303683280947, 0.49054702520370486, 0.4834617614746094, 0.48347612619400027, 0.4841602921485901, 0.4849151909351349, 0.480907016992569, 0.4799154222011566, 0.479910683631897, 0.47519798278808595, 0.4777908444404602, 0.47694851756095885, 0.47390787601470946, 0.4719019114971161], "loss_con": [0.0022231851471588016, 0.006938413996249437, 0.00952844824641943, 0.010836686566472053, 0.0119891706854105, 0.014137876778841018, 0.018627067282795905, 0.026277333870530127, 0.035746483504772185, 0.04296945631504059, 0.04587391018867493, 0.04586144611239433, 0.04450853019952774, 0.04267413169145584, 0.04103938341140747, 0.04008488953113556, 0.03966140523552895, 0.03927502110600471, 0.038495085388422015, 0.03781210258603096, 0.037203645706176756, 0.03671479448676109, 0.0360437884926796, 0.03542264699935913, 0.034960387647151946, 0.034529516100883485, 0.03424715846776962, 0.03386005312204361, 0.03344985097646713, 0.033326185494661334, 0.03315984830260277, 0.032885745912790296, 0.032671999931335446, 0.0327556699514389, 0.033126582950353624, 0.03333254083991051, 0.0331320509314537, 0.032918620854616165, 0.033070997893810274, 0.03318954035639763, 0.033161315321922305, 0.03315701261162758, 0.03313040807843208, 0.033070968091487886, 0.03304905891418457, 0.03317971080541611, 0.03303440660238266, 0.032968691736459735, 0.033039049804210664, 0.032967957109212874], "var_explained": [[0, -0.3737177848815918], [10, 0.24550855159759521], [20, 0.4446011781692505], [30, 0.4993688464164734], [40, 0.5186625719070435], [49, 0.5265609323978424]]}