{
  "layer": 20,
  "n_features": 50,
  "k": 6,
  "d_model": 5120,
  "constraint_type": "hierarchical",
  "var_explained": 0.5718136727809906,
  "final_loss": 0.43216889500617983,
  "n_dead_features": 0
}