{
  "layer": 20,
  "n_features": 50,
  "consistency": 0.07288888888888889,
  "completeness": 1.0,
  "independence": 0.0,
  "composite": 0.3576296296296297,
  "feature_activation_freq": [
    0.7804444444444445,
    0.015111111111111112,
    0.15911111111111112,
    0.024444444444444446,
    0.09022222222222222,
    0.10222222222222223,
    0.015555555555555555,
    0.022222222222222223,
    0.7231111111111111,
    0.06222222222222222,
    0.04577777777777778,
    0.272,
    0.016,
    0.032,
    0.02266666666666667,
    0.18355555555555556,
    0.21911111111111112,
    0.0057777777777777775,
    0.03777777777777778,
    0.060444444444444446,
    0.0022222222222222222,
    0.035555555555555556,
    0.049777777777777775,
    0.015111111111111112,
    0.012444444444444444,
    0.028,
    0.0013333333333333333,
    0.43022222222222223,
    0.0008888888888888889,
    0.9475555555555556,
    0.05377777777777778,
    0.013333333333333334,
    0.012444444444444444,
    0.012888888888888889,
    0.02266666666666667,
    0.03866666666666667,
    0.0022222222222222222,
    0.03777777777777778,
    0.31377777777777777,
    0.008888888888888889,
    0.005333333333333333,
    0.027555555555555555,
    0.0,
    0.06177777777777778,
    0.025777777777777778,
    0.8542222222222222,
    0.0013333333333333333,
    0.060444444444444446,
    0.02,
    0.014222222222222223
  ]
}