{
  "activation_frequency": [
    0.19822222222222222,
    0.10044444444444445,
    0.19333333333333333,
    0.07377777777777778,
    0.09288888888888888,
    0.12177777777777778,
    0.058222222222222224,
    0.10444444444444445,
    0.1288888888888889,
    0.07555555555555556,
    0.224,
    0.03866666666666667,
    0.058222222222222224,
    0.21955555555555556,
    0.07866666666666666,
    0.10444444444444445,
    0.15066666666666667,
    0.032,
    0.052444444444444446,
    0.17377777777777778,
    0.08844444444444445,
    0.08711111111111111,
    0.11911111111111111,
    0.06666666666666667,
    0.11733333333333333,
    0.092,
    0.17466666666666666,
    0.1902222222222222,
    0.18488888888888888,
    0.12755555555555556,
    0.12088888888888889,
    0.06488888888888888,
    0.04666666666666667,
    0.06666666666666667,
    0.08844444444444445,
    0.1511111111111111,
    0.1728888888888889,
    0.068,
    0.13955555555555554,
    0.09555555555555556,
    0.08044444444444444,
    0.07155555555555555,
    0.16666666666666666,
    0.09733333333333333,
    0.072,
    0.19466666666666665,
    0.18088888888888888,
    0.17333333333333334,
    0.09111111111111111,
    0.1968888888888889
  ],
  "mean_activation": [
    3.483766555786133,
    1.3388208150863647,
    3.7247486114501953,
    1.240623950958252,
    2.3007471561431885,
    2.0596096515655518,
    1.0196033716201782,
    2.3408164978027344,
    1.8643244504928589,
    1.040827989578247,
    3.2377495765686035,
    1.112320899963379,
    1.6365259885787964,
    2.911404848098755,
    1.2535054683685303,
    1.6840897798538208,
    2.920051097869873,
    0.4546101987361908,
    1.1273458003997803,
    3.6134493350982666,
    1.097406029701233,
    1.3648808002471924,
    1.648834466934204,
    1.4442601203918457,
    1.589981198310852,
    1.5356045961380005,
    2.6810860633850098,
    3.1980514526367188,
    2.1816470623016357,
    2.2368459701538086,
    2.3276209831237793,
    0.8423447608947754,
    1.179705262184143,
    1.093396544456482,
    1.5974655151367188,
    5.078521251678467,
    2.2864601612091064,
    1.8476097583770752,
    1.8636423349380493,
    1.525642991065979,
    0.9657371044158936,
    1.4338165521621704,
    1.7666082382202148,
    2.2329182624816895,
    1.9281384944915771,
    2.6180806159973145,
    2.0901689529418945,
    2.536065101623535,
    1.4478667974472046,
    2.6575348377227783
  ],
  "max_activation": [
    59.052467346191406,
    65.53622436523438,
    70.73747253417969,
    77.63800811767578,
    63.909759521484375,
    76.2366714477539,
    55.03694152832031,
    66.50599670410156,
    72.44523620605469,
    57.971832275390625,
    56.415565490722656,
    74.0243911743164,
    73.22312927246094,
    56.64645767211914,
    58.724830627441406,
    44.49891662597656,
    68.44824981689453,
    68.27518463134766,
    78.58163452148438,
    77.08280944824219,
    47.7388801574707,
    74.23182678222656,
    78.4574203491211,
    66.06692504882812,
    58.9493522644043,
    64.73099517822266,
    48.37352752685547,
    62.394554138183594,
    47.72902297973633,
    73.51004028320312,
    62.820709228515625,
    64.11681365966797,
    109.23270416259766,
    62.72869873046875,
    70.79389190673828,
    74.95928955078125,
    49.51709747314453,
    66.92208099365234,
    55.26143264770508,
    65.67086029052734,
    58.6346549987793,
    76.98418426513672,
    35.18673324584961,
    58.85447692871094,
    73.95972442626953,
    41.448116302490234,
    40.956478118896484,
    54.74844741821289,
    53.73501205444336,
    61.26066207885742
  ],
  "n_dead_features": 0
}