{"loss_total": [1.5283489942550659, 1.2812839508056642, 1.196084213256836, 1.1184553861618043, 1.042250108718872, 0.9782873392105103, 0.9208150029182434, 0.8762046217918396, 0.8327620983123779, 0.7954286456108093, 0.7551355600357056, 0.7156858921051026, 0.6845372915267944, 0.656730854511261, 0.6288201928138732, 0.6089724183082581, 0.5919308543205262, 0.5733644366264343, 0.5596861958503723, 0.5472843766212463, 0.5379936814308166, 0.5283338546752929, 0.5200016736984253, 0.5091454684734344, 0.500927346944809, 0.494471949338913, 0.4873460173606873, 0.4842768371105194, 0.4810758113861084, 0.4739830791950226, 0.47199465036392213, 0.4679555594921112, 0.46316479444503783, 0.46056956648826597, 0.45874251127243043, 0.4566419780254364, 0.4494383633136749, 0.4506994247436523, 0.45201167464256287, 0.44982335567474363, 0.4441277623176575, 0.4413738131523132, 0.44121745228767395, 0.43955167531967165, 0.4420760333538055, 0.4405269682407379, 0.4384235143661499, 0.43510504364967345, 0.43484449982643125, 0.43216889500617983], "loss_rec": [1.528213095664978, 1.28096284866333, 1.1956273555755614, 1.1178226470947266, 1.0413179636001586, 0.9767928838729858, 0.918471610546112, 0.8729607820510864, 0.8288695931434631, 0.7911909937858581, 0.7507650136947632, 0.7113419771194458, 0.6802844166755676, 0.652536928653717, 0.6246809482574462, 0.6049113869667053, 0.5879712462425232, 0.5695629835128784, 0.5560678958892822, 0.5438377976417541, 0.5347009658813476, 0.5251808881759643, 0.5169817805290222, 0.5062363088130951, 0.4981090247631073, 0.49170817732810973, 0.4846223533153534, 0.4815976619720459, 0.4784324049949646, 0.47136207222938536, 0.469392853975296, 0.46538150906562803, 0.4606062710285187, 0.4580117344856262, 0.4561891734600067, 0.4540960490703583, 0.4468928098678589, 0.4481557607650757, 0.44946131110191345, 0.4472665905952454, 0.4415677309036255, 0.4387992262840271, 0.43861926198005674, 0.4369430959224701, 0.43946250677108767, 0.43789740204811095, 0.43578541874885557, 0.4324595332145691, 0.43218873143196107, 0.4295040786266327], "loss_con": [0.0013588781817816197, 0.003210966428741813, 0.004569027386605739, 0.00632715430110693, 0.009321602992713451, 0.01494444664567709, 0.023434009030461313, 0.03243838623166084, 0.038925017416477206, 0.04237650781869888, 0.0437054768204689, 0.043439042568206784, 0.04252885282039642, 0.04193925708532333, 0.041392503678798674, 0.040610302984714505, 0.03959605619311333, 0.038014698028564456, 0.03618303611874581, 0.034465763717889786, 0.03292719721794128, 0.03152956180274487, 0.030199019983410836, 0.02909163124859333, 0.028183138370513915, 0.027637670561671258, 0.027236633747816087, 0.026791735738515853, 0.026434102654457094, 0.026210025325417517, 0.02601795420050621, 0.025740522891283035, 0.02558523155748844, 0.02557833231985569, 0.025533396750688553, 0.02545938529074192, 0.02545543685555458, 0.02543661557137966, 0.02550361417233944, 0.025567668676376342, 0.025600270926952363, 0.02574583739042282, 0.02598183900117874, 0.026085719093680383, 0.02613527849316597, 0.02629566676914692, 0.02638091556727886, 0.026455097272992133, 0.026557692140340806, 0.02664814330637455], "var_explained": [[0, -0.3291894197463989], [10, 0.2741316556930542], [20, 0.4752446413040161], [30, 0.5348951518535614], [40, 0.5594223439693451], [49, 0.5718136727809906]]}