{
  "layer": 20,
  "n_features": 30,
  "consistency": 0.15022222222222223,
  "completeness": 1.0,
  "independence": 0.0,
  "composite": 0.3834074074074074,
  "feature_activation_freq": [
    0.4275555555555556,
    0.010666666666666666,
    0.8462222222222222,
    0.13333333333333333,
    0.016888888888888887,
    0.023555555555555555,
    0.076,
    0.748,
    0.018222222222222223,
    0.01911111111111111,
    0.16133333333333333,
    0.04533333333333334,
    0.033777777777777775,
    0.07822222222222222,
    0.06666666666666667,
    0.06266666666666666,
    0.010222222222222223,
    0.08133333333333333,
    0.041777777777777775,
    0.02,
    0.022222222222222223,
    0.8817777777777778,
    0.015555555555555555,
    0.05422222222222222,
    0.08888888888888889,
    0.11422222222222222,
    0.16311111111111112,
    0.010222222222222223,
    0.008444444444444444,
    0.7
  ]
}