{
  "activation_frequency": [
    0.11822222222222223,
    0.058222222222222224,
    0.1431111111111111,
    0.2368888888888889,
    0.03822222222222222,
    0.07777777777777778,
    0.10177777777777777,
    0.20666666666666667,
    0.18888888888888888,
    0.21555555555555556,
    0.19644444444444445,
    0.08355555555555555,
    0.10088888888888889,
    0.18622222222222223,
    0.1431111111111111,
    0.104,
    0.24888888888888888,
    0.11466666666666667,
    0.09066666666666667,
    0.184,
    0.09955555555555555,
    0.18844444444444444,
    0.10711111111111112,
    0.05688888888888889,
    0.14044444444444446,
    0.2613333333333333,
    0.20177777777777778,
    0.22666666666666666,
    0.13733333333333334,
    0.1728888888888889
  ],
  "mean_activation": [
    1.848073959350586,
    0.9183792471885681,
    2.2755227088928223,
    3.857637643814087,
    1.1252858638763428,
    1.8623971939086914,
    2.991393566131592,
    3.3924009799957275,
    4.523428440093994,
    3.719480514526367,
    4.059337615966797,
    1.5789515972137451,
    1.7073850631713867,
    2.8842060565948486,
    4.091771602630615,
    3.7039878368377686,
    3.489400625228882,
    1.8017966747283936,
    1.7668583393096924,
    2.467583656311035,
    1.2606735229492188,
    3.021998643875122,
    1.1638904809951782,
    1.1416356563568115,
    2.5347321033477783,
    4.053531646728516,
    3.0452511310577393,
    3.6275453567504883,
    1.6351970434188843,
    2.729853868484497
  ],
  "max_activation": [
    83.8599624633789,
    80.76823425292969,
    65.5805892944336,
    57.54105758666992,
    69.80143737792969,
    74.86405944824219,
    78.49147033691406,
    57.64756774902344,
    86.10194396972656,
    70.65238952636719,
    72.46009826660156,
    67.19988250732422,
    78.64799499511719,
    61.65909194946289,
    66.25883483886719,
    70.79168701171875,
    50.059688568115234,
    93.53240203857422,
    63.52372741699219,
    76.03765106201172,
    70.99895477294922,
    68.87061309814453,
    54.048561096191406,
    99.92513275146484,
    58.92427062988281,
    44.39373779296875,
    62.72837448120117,
    55.574440002441406,
    74.5361099243164,
    79.62300109863281
  ],
  "n_dead_features": 0
}