{"loss_total": [1.6077027797698975, 1.3420706272125245, 1.2262165307998658, 1.1533617734909059, 1.0912216186523438, 1.0318620681762696, 0.9816882729530334, 0.9322210073471069, 0.8953349709510803, 0.8666029453277588, 0.8352050185203552, 0.8066473007202148, 0.7762351632118225, 0.7501173734664917, 0.7275054216384887, 0.7015837550163269, 0.6861567497253418, 0.6666515111923218, 0.6565439105033875, 0.6386758327484131, 0.6258286714553833, 0.6137275934219361, 0.6001068353652954, 0.5923538208007812, 0.5891697645187378, 0.5804869294166565, 0.5759402394294739, 0.5710041522979736, 0.5666744589805603, 0.5610507488250732, 0.5584429144859314, 0.5537316560745239, 0.551278030872345, 0.5471428632736206, 0.5452472567558289, 0.5422552227973938, 0.5402270913124084, 0.5359228014945984, 0.5353987812995911, 0.5340806841850281, 0.5346988797187805, 0.5332857728004455, 0.5303839921951294, 0.5269194483757019, 0.5257182002067566, 0.5254109263420105, 0.5242912530899048, 0.5245142221450806, 0.5217286109924316, 0.5211796879768371], "loss_rec": [1.607497239112854, 1.3414437294006347, 1.2253589868545531, 1.1523484945297242, 1.0900139331817627, 1.0303052186965942, 0.9795195698738098, 0.929197895526886, 0.8914243578910828, 0.8620564222335816, 0.8303402066230774, 0.8016677618026733, 0.7712891459465027, 0.7453322172164917, 0.7228688478469849, 0.6970631241798401, 0.6817562937736511, 0.6624088048934936, 0.65247882604599, 0.6347802877426147, 0.6220770001411438, 0.6100995063781738, 0.5966035008430481, 0.5889339208602905, 0.5857981324195862, 0.5771557450294494, 0.572636604309082, 0.5677238345146179, 0.5634128093719483, 0.5578042984008789, 0.5552066445350647, 0.5504941463470459, 0.5480350494384766, 0.5438968539237976, 0.5419976830482482, 0.5390039324760437, 0.5369863390922547, 0.5326856732368469, 0.532147216796875, 0.5308125734329223, 0.5314260005950928, 0.5300203442573548, 0.527117931842804, 0.5236488819122315, 0.5224493861198425, 0.5221344828605652, 0.5210054159164429, 0.5212289333343506, 0.518434751033783, 0.5178668439388275], "loss_con": [0.002055507176555693, 0.006268878187984228, 0.00857569333165884, 0.01013302318751812, 0.012076878733932973, 0.015568320639431477, 0.021687069535255434, 0.030231055989861488, 0.03910609632730484, 0.04546530172228813, 0.048648033291101456, 0.04979526102542877, 0.04946027919650078, 0.047851505875587466, 0.04636564552783966, 0.04520637467503548, 0.04400457292795181, 0.04242716878652573, 0.04065079391002655, 0.038955388218164445, 0.03751670718193054, 0.03628086149692535, 0.03503338173031807, 0.03419897109270096, 0.03371632546186447, 0.033311791718006134, 0.033036379516124724, 0.03280318081378937, 0.03261639848351479, 0.032464544475078586, 0.032362882792949674, 0.03237512409687042, 0.03242994993925095, 0.03246011212468147, 0.032495780289173125, 0.03251290619373322, 0.03240752965211868, 0.03237132951617241, 0.032515749335289, 0.03268103450536728, 0.03272895365953445, 0.03265432193875313, 0.032660584151744845, 0.03270566463470459, 0.03268819376826286, 0.032764383405447, 0.03285819515585899, 0.03285299316048622, 0.032938629388809204, 0.03312840461730957], "var_explained": [[0, -0.4072173833847046], [10, 0.18752706050872803], [20, 0.38445425033569336], [30, 0.4492664933204651], [40, 0.47253578901290894], [49, 0.48428666591644287]]}