{
  "layer": 14,
  "n_features": 3,
  "k": 1,
  "d_model": 5120,
  "constraint_type": "hierarchical",
  "var_explained": 0.08344823122024536,
  "final_loss": 0.9126830458641052,
  "n_dead_features": 0
}