{
  "activation_frequency": [
    0.022222222222222223,
    0.14755555555555555,
    0.011555555555555555
  ],
  "mean_activation": [
    0.6610957384109497,
    7.535525321960449,
    0.1508764624595642
  ],
  "max_activation": [
    105.46170043945312,
    113.8308334350586,
    43.979103088378906
  ],
  "n_dead_features": 0
}