{"loss_total": [1.9920047521591187, 1.6588121414184571, 1.4326679229736328, 1.2806601524353027, 1.1608511209487915, 1.1128342866897583, 1.0680020332336426, 1.0456288576126098, 1.0300516605377197, 1.0200790643692017, 1.0103669881820678, 1.0043760418891907, 1.0065654635429382, 1.0047998547554016, 0.9975444197654724, 0.9920169234275817, 0.9895213603973388, 0.9926838994026184, 0.9911824703216553, 0.987208092212677, 0.9834561586380005, 0.9887548446655273, 0.9782508969306946, 0.9773101568222046, 0.9739275932312011, 0.9664798974990845, 0.9678104281425476, 0.9671521544456482, 0.9597099900245667, 0.9534255266189575, 0.9607579231262207, 0.9517330050468444, 0.9523361444473266, 0.9519707322120666, 0.9478134274482727, 0.9439938426017761, 0.9459352374076844, 0.9427316188812256, 0.9365881323814392, 0.9339470505714417, 0.9329214811325073, 0.9279233694076539, 0.9332380533218384, 0.9356731653213501, 0.927719235420227, 0.9247464179992676, 0.923886501789093, 0.917102861404419, 0.9227032780647277, 0.9126830458641052], "loss_rec": [1.9919867038726806, 1.6587895393371581, 1.432629442214966, 1.2805989265441895, 1.160780930519104, 1.1127755641937256, 1.067966604232788, 1.0456127166748046, 1.0300442457199097, 1.0200737953186034, 1.0103615045547485, 1.0043691515922546, 1.0065576195716859, 1.0047930240631104, 0.9975387454032898, 0.9920113205909729, 0.9895153045654297, 0.992677116394043, 0.9911742091178894, 0.987198531627655, 0.9834457516670227, 0.9887427449226379, 0.9782368659973144, 0.9772951126098632, 0.9739120602607727, 0.966465175151825, 0.9677956223487854, 0.9671367645263672, 0.9596927046775818, 0.9534062623977662, 0.9607391476631164, 0.9517157912254334, 0.9523204922676086, 0.9519531846046447, 0.9477937459945679, 0.9439740896224975, 0.945917284488678, 0.9427140951156616, 0.9365707993507385, 0.9339299440383911, 0.9329035997390747, 0.9279057860374451, 0.9332224249839782, 0.9356592416763305, 0.9277024269104004, 0.9247248291969299, 0.9238612651824951, 0.9170797824859619, 0.9226863622665405, 0.9126684546470643], "loss_con": [0.00018039535207208245, 0.000226147539797239, 0.00038498827489092947, 0.0006121765705756843, 0.0007020951015874743, 0.0005876308656297624, 0.00035435291938483714, 0.00016138205828610807, 7.428997050737963e-05, 5.286800151225179e-05, 5.487143280333839e-05, 6.87940017087385e-05, 7.841734332032501e-05, 6.832888757344336e-05, 5.6959672656375913e-05, 5.6103173119481656e-05, 6.057918508304283e-05, 6.783467688364908e-05, 8.265691576525569e-05, 9.550767863402143e-05, 0.0001039745780872181, 0.00012085347407264635, 0.00014037941000424325, 0.00015037897683214396, 0.00015524474438279867, 0.00014724215143360197, 0.00014798752381466328, 0.00015398327086586506, 0.00017264897178392857, 0.00019267322786618025, 0.0001877783826785162, 0.00017217105778399855, 0.000156466563930735, 0.00017551738128531724, 0.00019680877157952638, 0.00019770923536270856, 0.00017951077315956355, 0.00017530586337670683, 0.00017332246352452785, 0.00017097504169214517, 0.0001788274385035038, 0.0001758556842105463, 0.00015630536363460125, 0.00013920632191002368, 0.00016814911796245725, 0.0002158480347134173, 0.0002525127347325906, 0.00023075565695762634, 0.00016922404465731234, 0.00014601100701838732], "var_explained": [[0, -0.7804924249649048], [10, -0.009043216705322266], [20, 0.018494248390197754], [30, 0.04563504457473755], [40, 0.06532222032546997], [49, 0.08344823122024536]]}