{
  "layer": 8,
  "n_features": 15,
  "k": 3,
  "d_model": 5120,
  "constraint_type": "hierarchical",
  "var_explained": 0.6610914468765259,
  "final_loss": 0.3456522345542908,
  "n_dead_features": 0
}