{
  "layer": 8,
  "n_features": 15,
  "consistency": 0.2048888888888889,
  "completeness": 1.0,
  "independence": 0.0,
  "composite": 0.4016296296296296,
  "feature_activation_freq": [
    0.7164444444444444,
    0.024888888888888887,
    0.0,
    0.0,
    0.8604444444444445,
    0.0,
    0.0,
    0.0,
    0.044,
    1.0,
    0.2648888888888889,
    0.06133333333333333,
    0.0,
    0.022222222222222223,
    0.0
  ]
}