{
  "activation_frequency": [
    0.4186666666666667,
    0.11511111111111111,
    0.152,
    0.20533333333333334,
    0.38,
    0.2742222222222222,
    0.18977777777777777,
    0.036444444444444446,
    0.052444444444444446,
    0.2657777777777778,
    0.47555555555555556,
    0.09111111111111111,
    0.11511111111111111,
    0.03822222222222222,
    0.044444444444444446
  ],
  "mean_activation": [
    7.427027702331543,
    6.355833530426025,
    2.1375210285186768,
    4.042771816253662,
    7.008184909820557,
    6.624581813812256,
    4.0319390296936035,
    1.495234727859497,
    2.1375539302825928,
    3.862330198287964,
    9.904350280761719,
    5.769387722015381,
    7.634036540985107,
    2.876490831375122,
    2.1979920864105225
  ],
  "max_activation": [
    44.398765563964844,
    118.34624481201172,
    51.027408599853516,
    55.39845657348633,
    41.486083984375,
    81.31671142578125,
    67.50921630859375,
    90.63997650146484,
    88.58625030517578,
    60.62279510498047,
    55.42012023925781,
    97.44023895263672,
    97.24874877929688,
    136.0484161376953,
    106.49259948730469
  ],
  "n_dead_features": 0
}