{"loss_total": [1.594926643371582, 1.2131383180618287, 1.0613059163093568, 0.9959896206855774, 0.9189586639404297, 0.8486632585525513, 0.781789493560791, 0.7352102756500244, 0.685244333744049, 0.6447399616241455, 0.6052292823791504, 0.5658452987670899, 0.5380472779273987, 0.5115569472312927, 0.4878448486328125, 0.4715271174907684, 0.45416762828826907, 0.44432759284973145, 0.4292231023311615, 0.41741569638252257, 0.4091373682022095, 0.40326293706893923, 0.3968699276447296, 0.38974586725234983, 0.3849097192287445, 0.38214691877365115, 0.38012043833732606, 0.3752050995826721, 0.37071819305419923, 0.370223742723465, 0.368409264087677, 0.3657488882541656, 0.36133593916893003, 0.3630067348480225, 0.36146655678749084, 0.35856338739395144, 0.35822476744651793, 0.3548209249973297, 0.3550224184989929, 0.3526294231414795, 0.35164308547973633, 0.3507252871990204, 0.35156266689300536, 0.348532909154892, 0.34828916788101194, 0.35057842135429385, 0.34823631048202514, 0.3473773181438446, 0.3471993386745453, 0.3456522345542908], "loss_rec": [1.5945858240127564, 1.2117358207702638, 1.05909982919693, 0.9929873943328857, 0.9145268678665162, 0.8414761424064636, 0.7708327293395996, 0.7216614365577698, 0.6717077612876892, 0.6327813982963562, 0.5947698831558228, 0.556330394744873, 0.529245126247406, 0.5033583283424378, 0.4801495850086212, 0.4641830503940582, 0.44699127078056333, 0.4372668147087097, 0.42226380705833433, 0.41054607629776, 0.40240347385406494, 0.39670335650444033, 0.3904875874519348, 0.38350526690483094, 0.3787714898586273, 0.37606778740882874, 0.3740499198436737, 0.36912180185317994, 0.364658522605896, 0.36420183181762694, 0.36241912841796875, 0.3597735524177551, 0.3553741216659546, 0.3570711433887482, 0.3555369734764099, 0.3526321887969971, 0.35227938890457156, 0.3488774597644806, 0.349097353219986, 0.3467219352722168, 0.34578157067298887, 0.34488890767097474, 0.3457026660442352, 0.3426872968673706, 0.34244614839553833, 0.3447218120098114, 0.3423746168613434, 0.34153024554252626, 0.3413620233535767, 0.33979372382164], "loss_con": [0.0034081605379469694, 0.014024762436747551, 0.022060782834887504, 0.030022181570529938, 0.044317957013845444, 0.07187114357948303, 0.1095676764845848, 0.13548844456672668, 0.13536575734615325, 0.11958558112382889, 0.10459402054548264, 0.09514913260936737, 0.08802168667316437, 0.08198627233505248, 0.07695263177156449, 0.07344064116477966, 0.0717635840177536, 0.07060778737068177, 0.0695929005742073, 0.06869623064994812, 0.06733899563550949, 0.06559581756591797, 0.06382337361574172, 0.06240599602460861, 0.06138235628604889, 0.060791248083114625, 0.0607052281498909, 0.060832930356264116, 0.06059668287634849, 0.060219074785709384, 0.05990133956074715, 0.059753336012363434, 0.059618211537599566, 0.05935593321919441, 0.05929583758115768, 0.05931201353669167, 0.05945377200841904, 0.05943465828895569, 0.05925068929791451, 0.059074843674898146, 0.05861518755555153, 0.058363763988018035, 0.05860002860426903, 0.05845608115196228, 0.05843024328351021, 0.05856610015034676, 0.05861695408821106, 0.05847081020474434, 0.058373169600963594, 0.058585119992494585], "var_explained": [[0, -0.30910754203796387], [10, 0.4292261004447937], [20, 0.6013382375240326], [30, 0.6398662030696869], [40, 0.6542669832706451], [49, 0.6610914468765259]]}