{
  "layer": 14,
  "n_features": 50,
  "k": 6,
  "d_model": 5120,
  "constraint_type": "hierarchical",
  "var_explained": 0.6610633432865143,
  "final_loss": 0.34235013723373414,
  "n_dead_features": 0
}