{
  "layer": 14,
  "n_features": 50,
  "consistency": 0.12577777777777777,
  "completeness": 1.0,
  "independence": 0.0,
  "composite": 0.37525925925925924,
  "feature_activation_freq": [
    0.012,
    0.012444444444444444,
    0.008444444444444444,
    0.0,
    0.024,
    0.7484444444444445,
    0.11644444444444445,
    0.03866666666666667,
    0.011555555555555555,
    0.042666666666666665,
    0.018222222222222223,
    0.6831111111111111,
    0.012444444444444444,
    0.03777777777777778,
    0.012444444444444444,
    0.06355555555555556,
    0.052,
    0.07777777777777778,
    0.12711111111111112,
    0.02,
    0.027555555555555555,
    0.2048888888888889,
    0.016,
    0.007555555555555556,
    0.009333333333333334,
    0.01911111111111111,
    0.0,
    0.37022222222222223,
    0.014666666666666666,
    0.2408888888888889,
    0.016,
    0.007555555555555556,
    0.46355555555555555,
    0.018666666666666668,
    0.020444444444444446,
    0.21333333333333335,
    0.020888888888888887,
    0.08044444444444444,
    0.011111111111111112,
    0.10888888888888888,
    0.02711111111111111,
    0.5755555555555556,
    0.35333333333333333,
    0.06755555555555555,
    0.028,
    0.027555555555555555,
    0.021333333333333333,
    0.31466666666666665,
    0.3426666666666667,
    0.252
  ]
}