{
  "activation_frequency": [
    0.064,
    0.07777777777777778,
    0.06311111111111112,
    0.29688888888888887,
    0.07644444444444444,
    0.17066666666666666,
    0.1751111111111111,
    0.05288888888888889,
    0.19155555555555556,
    0.1671111111111111,
    0.11022222222222222,
    0.08666666666666667,
    0.11955555555555555,
    0.06755555555555555,
    0.06622222222222222,
    0.108,
    0.13155555555555556,
    0.10844444444444444,
    0.18755555555555556,
    0.028444444444444446,
    0.11022222222222222,
    0.244,
    0.1391111111111111,
    0.12622222222222224,
    0.13377777777777777,
    0.06622222222222222,
    0.2791111111111111,
    0.06933333333333333,
    0.034666666666666665,
    0.11066666666666666,
    0.072,
    0.096,
    0.18088888888888888,
    0.07022222222222223,
    0.09288888888888888,
    0.136,
    0.043555555555555556,
    0.16311111111111112,
    0.08222222222222222,
    0.13422222222222221,
    0.11155555555555556,
    0.19155555555555556,
    0.19777777777777777,
    0.08,
    0.0768888888888889,
    0.08133333333333333,
    0.07555555555555556,
    0.07733333333333334,
    0.10266666666666667,
    0.16266666666666665
  ],
  "mean_activation": [
    1.7519361972808838,
    1.6546118259429932,
    1.6570265293121338,
    4.27268123626709,
    2.477559804916382,
    2.151261568069458,
    2.8673479557037354,
    1.459844946861267,
    2.8703951835632324,
    2.9475607872009277,
    1.9315379858016968,
    1.4355288743972778,
    2.1627063751220703,
    2.5065579414367676,
    1.828040599822998,
    3.6754448413848877,
    2.4123454093933105,
    1.626886010169983,
    2.586442708969116,
    0.9523297548294067,
    1.835281491279602,
    4.424037456512451,
    2.0810210704803467,
    1.7102078199386597,
    2.3930230140686035,
    1.693050503730774,
    4.741530418395996,
    1.6476038694381714,
    1.0051112174987793,
    1.7543896436691284,
    1.3750509023666382,
    1.6025205850601196,
    3.5335960388183594,
    1.4677690267562866,
    1.3259004354476929,
    1.999416470527649,
    1.3346095085144043,
    3.2245802879333496,
    1.201865315437317,
    1.8043756484985352,
    1.7874641418457031,
    3.298299789428711,
    2.742619037628174,
    2.2599143981933594,
    1.5716174840927124,
    1.9778696298599243,
    1.3929307460784912,
    2.090710401535034,
    1.7848103046417236,
    3.0665342807769775
  ],
  "max_activation": [
    158.9881134033203,
    61.099586486816406,
    66.98482513427734,
    37.269203186035156,
    61.82890701293945,
    61.628273010253906,
    94.67249298095703,
    63.88360595703125,
    61.98489761352539,
    61.05712890625,
    75.18777465820312,
    120.10606384277344,
    85.39021301269531,
    85.5694808959961,
    116.14817810058594,
    63.34646224975586,
    60.72748565673828,
    68.84859466552734,
    54.72004699707031,
    83.9148178100586,
    77.73614501953125,
    95.33354949951172,
    59.48055648803711,
    73.89874267578125,
    65.98666381835938,
    69.06341552734375,
    61.106361389160156,
    61.086727142333984,
    114.13360595703125,
    72.30465698242188,
    70.75021362304688,
    83.69300842285156,
    80.19705963134766,
    65.4435806274414,
    60.78498077392578,
    48.53887176513672,
    116.33645629882812,
    58.19734573364258,
    81.6053237915039,
    49.72272872924805,
    63.095706939697266,
    105.04834747314453,
    70.06475830078125,
    78.08365631103516,
    78.49850463867188,
    115.78656768798828,
    73.26798248291016,
    43.40598678588867,
    70.25262451171875,
    64.49278259277344
  ],
  "n_dead_features": 0
}