{"loss_total": [1.4959705591201782, 1.2293278694152832, 1.1314322233200074, 1.0460074543952942, 0.9626130342483521, 0.8838421940803528, 0.8158848524093628, 0.7542940378189087, 0.694964599609375, 0.6470055103302002, 0.6019420981407165, 0.5653552293777466, 0.5320640802383423, 0.5099168300628663, 0.4870185196399689, 0.4711265563964844, 0.4552932620048523, 0.4428662955760956, 0.4301582634449005, 0.4236445903778076, 0.4126646876335144, 0.4086766421794891, 0.40869014263153075, 0.3979379296302795, 0.3947871744632721, 0.391502183675766, 0.3884102821350098, 0.38502818942070005, 0.37996848225593566, 0.3755149841308594, 0.37579216361045836, 0.36978213787078856, 0.3709429204463959, 0.3665160536766052, 0.36734005212783816, 0.36268513798713686, 0.3599791705608368, 0.35995582938194276, 0.3574100732803345, 0.355318546295166, 0.35247838497161865, 0.3525903582572937, 0.3501362979412079, 0.3509967625141144, 0.34750617742538453, 0.3470911979675293, 0.34640724658966066, 0.345719712972641, 0.3467625081539154, 0.34235013723373414], "loss_rec": [1.4958388566970826, 1.229007649421692, 1.1309855699539184, 1.0453804969787597, 0.9615853667259217, 0.8820107698440551, 0.8129505395889283, 0.7504427194595337, 0.6906559944152832, 0.6425815463066101, 0.5975958228111267, 0.5611895680427551, 0.5280881226062775, 0.5061415135860443, 0.48347577452659607, 0.46779540181159973, 0.4521070122718811, 0.4397998869419098, 0.4271963119506836, 0.4207587420940399, 0.409850412607193, 0.40592533349990845, 0.4059896171092987, 0.39526915550231934, 0.39215118288993833, 0.3889051854610443, 0.38585259318351744, 0.38250196576118467, 0.37747034430503845, 0.37305434346199035, 0.37336176037788393, 0.36737948656082153, 0.3685566484928131, 0.3641430974006653, 0.3649790108203888, 0.36033287048339846, 0.357634449005127, 0.35761611461639403, 0.35506496429443357, 0.3529659330844879, 0.3501271724700928, 0.35022807121276855, 0.3477656304836273, 0.34861827492713926, 0.34511263370513917, 0.34468075037002566, 0.3439787864685059, 0.34327495098114014, 0.3443099677562714, 0.33988918662071227], "loss_con": [0.0013167363475076854, 0.0032021312043070795, 0.004466550517827272, 0.0062695291824638845, 0.010276524163782597, 0.018314135447144508, 0.029343141615390776, 0.038513118773698805, 0.04308595210313797, 0.04423956796526909, 0.04346282109618187, 0.04165650457143784, 0.039759643375873566, 0.03775327801704407, 0.0354273721575737, 0.03331149145960808, 0.03186249285936356, 0.03066408559679985, 0.02961953841149807, 0.028858524560928345, 0.028142792731523515, 0.027513104677200317, 0.027005255594849585, 0.026687747985124587, 0.026359962299466133, 0.025969986245036124, 0.025576893612742423, 0.025262268260121346, 0.024981362000107765, 0.024606410041451456, 0.02430405281484127, 0.024026522412896156, 0.023862648010253906, 0.0237295251339674, 0.02361040934920311, 0.023522625863552093, 0.023447205126285554, 0.02339707873761654, 0.023451057076454163, 0.023526149988174438, 0.023512110859155656, 0.0236228846013546, 0.023706691712141036, 0.023784893006086348, 0.02393544912338257, 0.024104486033320428, 0.02428457364439964, 0.024447657540440558, 0.024525361880660058, 0.02460947148501873], "var_explained": [[0, -0.2817803621292114], [10, 0.42494696378707886], [20, 0.5918267965316772], [30, 0.6299269199371338], [40, 0.6505708396434784], [49, 0.6610633432865143]]}