{
  "trigger_feature_matrix": [
    [
      0.11616981774568558,
      0.0,
      0.0,
      0.0,
      0.0,
      0.0,
      0.0,
      1.6897258758544922
    ],
    [
      1.1904103755950928,
      0.0,
      0.0,
      0.0,
      0.0,
      0.0,
      0.0,
      0.5504353046417236
    ],
    [
      0.21754908561706543,
      0.0,
      0.0,
      0.0,
      0.0,
      0.0,
      0.0,
      0.12162210047245026
    ],
    [
      0.845751166343689,
      0.0,
      0.0,
      0.0,
      0.0,
      0.0,
      0.0,
      0.07722818106412888
    ],
    [
      0.9085012078285217,
      0.0,
      0.0,
      0.0,
      0.0,
      0.0,
      0.0,
      2.1483137607574463
    ],
    [
      1.171821117401123,
      0.0,
      0.0,
      0.0,
      0.0,
      0.0,
      0.0,
      0.05921146273612976
    ],
    [
      1.0924198627471924,
      0.0,
      0.0,
      0.0,
      0.0,
      0.04643149673938751,
      0.0,
      1.3061250448226929
    ],
    [
      0.39048099517822266,
      0.0,
      0.0,
      0.0,
      0.0,
      0.0,
      2.32987380027771,
      4.827898979187012
    ],
    [
      0.020446807146072388,
      0.0,
      0.0,
      0.0,
      0.0,
      0.45862874388694763,
      0.0,
      0.268393337726593
    ],
    [
      0.2484252154827118,
      0.0,
      0.0,
      0.0,
      0.0,
      0.0,
      0.0,
      0.02444547414779663
    ],
    [
      1.2421551942825317,
      0.0,
      0.004484568256884813,
      0.0,
      0.0,
      0.0,
      0.0,
      0.2407597303390503
    ],
    [
      0.021138528361916542,
      0.0,
      0.0,
      0.0,
      0.0,
      0.0,
      0.0,
      0.859633207321167
    ],
    [
      0.036707036197185516,
      0.0,
      0.0,
      0.0,
      0.0,
      0.0,
      0.0,
      0.18990610539913177
    ],
    [
      0.12818123400211334,
      0.0,
      0.0,
      0.0,
      0.0,
      0.0,
      0.0,
      0.02514316886663437
    ],
    [
      0.2641361653804779,
      0.0,
      0.0,
      0.0,
      0.0,
      0.3772900700569153,
      0.0,
      5.362981796264648
    ]
  ],
  "trigger_names": [
    "Authority",
    "Certainty",
    "Emotional/ Affective",
    "Established Fact",
    "Experience",
    "Expert Belief",
    "Future Consensus",
    "High Stakes",
    "Limitation",
    "Negative Incentive",
    "Popular Consensus",
    "Positive Incentive",
    "Prior Agreement",
    "Self-Validation",
    "Uncertainty"
  ],
  "tone_feature_matrix": [
    [
      0.20950813591480255,
      0.0,
      0.0,
      0.0,
      0.0,
      0.0437174066901207,
      0.0,
      1.3602819442749023
    ],
    [
      0.14260445535182953,
      0.0,
      0.0,
      0.0,
      0.0,
      0.1327526569366455,
      0.4659747779369354,
      2.032076358795166
    ],
    [
      1.2267465591430664,
      0.0,
      0.0008969136979430914,
      0.0,
      0.0,
      0.0,
      0.0,
      0.15800689160823822
    ]
  ],
  "tone_names": [
    "mid",
    "strong",
    "weak"
  ],
  "domain_feature_matrix": [
    [
      0.5333636999130249,
      0.0,
      0.0,
      0.0,
      0.0,
      0.051721688359975815,
      0.15946896374225616,
      1.089036226272583
    ],
    [
      0.5417319536209106,
      0.0,
      0.0,
      0.0,
      0.0,
      0.06581740826368332,
      0.16050483286380768,
      1.1926084756851196
    ],
    [
      0.6974020004272461,
      0.0,
      0.0,
      0.0,
      0.0,
      0.05652714520692825,
      0.144605815410614,
      1.3541810512542725
    ],
    [
      0.2645391821861267,
      0.0,
      0.001494856202043593,
      0.0,
      0.0,
      0.07360610365867615,
      0.15485262870788574,
      1.1286003589630127
    ],
    [
      0.594394326210022,
      0.0,
      0.0,
      0.0,
      0.0,
      0.04644446447491646,
      0.1571923792362213,
      1.1528486013412476
    ]
  ],
  "domain_names": [
    "Health & Medicine",
    "Humanities",
    "Political Opinion",
    "STEM",
    "Socio-Economic"
  ]
}