{
  "layer": 8,
  "n_features": 8,
  "k": 2,
  "d_model": 5120,
  "constraint_type": "hierarchical",
  "var_explained": 0.5518430173397064,
  "final_loss": 0.46467097401618956,
  "n_dead_features": 0
}