{
  "layer": 8,
  "n_features": 8,
  "consistency": 0.42533333333333334,
  "completeness": 0.45155555555555554,
  "independence": 0.0,
  "composite": 0.2922962962962963,
  "feature_activation_freq": [
    0.2657777777777778,
    0.0,
    0.00044444444444444447,
    0.0,
    0.0,
    0.025333333333333333,
    0.022222222222222223,
    0.20755555555555555
  ]
}