{
  "activation_frequency": [
    0.49955555555555553,
    0.12666666666666668,
    0.216,
    0.3511111111111111,
    0.07022222222222223,
    0.156,
    0.06133333333333333,
    0.052
  ],
  "mean_activation": [
    10.547696113586426,
    11.069295883178711,
    5.070764541625977,
    7.145143032073975,
    4.511160373687744,
    4.94002103805542,
    4.16677188873291,
    3.811459541320801
  ],
  "max_activation": [
    59.00653839111328,
    134.40695190429688,
    94.81122589111328,
    56.472801208496094,
    105.58427429199219,
    99.50309753417969,
    151.29446411132812,
    118.84497833251953
  ],
  "n_dead_features": 0
}