{"loss_total": [1.7065801858901977, 1.3486494779586793, 1.1696839809417725, 1.0755831956863404, 1.0118600010871888, 0.9666542530059814, 0.9105780720710754, 0.8529351949691772, 0.811160147190094, 0.7711667060852051, 0.7461582541465759, 0.715786874294281, 0.6944343447685242, 0.6794541716575623, 0.6655072450637818, 0.6581802368164062, 0.6413442730903626, 0.6244308233261109, 0.6163676142692566, 0.5996598839759827, 0.5860843658447266, 0.575984799861908, 0.5674728393554688, 0.5557823061943055, 0.5433413505554199, 0.5344290256500244, 0.5270668506622315, 0.5198559403419495, 0.5190653324127197, 0.5142674326896668, 0.5075714707374572, 0.509577625989914, 0.501170176267624, 0.4975188493728638, 0.49725688099861143, 0.49384047985076907, 0.49278688430786133, 0.4866049885749817, 0.48208649158477784, 0.4810869455337524, 0.48055459856987, 0.4785087049007416, 0.4736121892929077, 0.4702824532985687, 0.4675996243953705, 0.46757565140724183, 0.46479012370109557, 0.46267876625061033, 0.4572847783565521, 0.46467097401618956], "loss_rec": [1.7062137842178344, 1.3468915700912476, 1.166420006752014, 1.0712790369987488, 1.0070293545722961, 0.9615960001945496, 0.905047333240509, 0.8459947228431701, 0.8017079114913941, 0.7591981649398803, 0.733154022693634, 0.7032933235168457, 0.682812774181366, 0.6682427167892456, 0.6541904091835022, 0.6467126965522766, 0.6297822833061218, 0.6124665856361389, 0.6038548350334167, 0.5865039944648742, 0.5724649667739868, 0.5619931697845459, 0.5528685092926026, 0.5402810931205749, 0.5271225571632385, 0.5178849935531616, 0.5102375745773315, 0.5028154611587524, 0.5019138753414154, 0.49684470891952515, 0.48985788226127625, 0.4919249415397644, 0.48374982476234435, 0.48031951785087584, 0.4803644776344299, 0.47717576622962954, 0.4762841105461121, 0.4703220248222351, 0.46596901416778563, 0.4652892291545868, 0.465381920337677, 0.4638695001602173, 0.4593164026737213, 0.4562912881374359, 0.45399685502052306, 0.45459309220314026, 0.4523725569248199, 0.4504264950752258, 0.44517081379890444, 0.4529557406902313], "loss_con": [0.0036639791796915233, 0.017579043470323085, 0.03263948000967502, 0.04304194077849388, 0.048306430131196974, 0.05058249160647392, 0.0553074061870575, 0.06940474659204483, 0.09452231526374817, 0.11968541890382767, 0.13004228174686433, 0.12493554502725601, 0.11621575057506561, 0.11211474388837814, 0.11316830664873123, 0.11467540264129639, 0.11561988443136215, 0.1196423590183258, 0.12512770891189576, 0.13155893385410308, 0.13619388043880462, 0.13991629481315612, 0.14604322016239166, 0.15501208007335662, 0.1621879369020462, 0.165440371632576, 0.1682927817106247, 0.17040492594242096, 0.17151454985141754, 0.17422716319561005, 0.1771359533071518, 0.17652689218521117, 0.17420360147953035, 0.17199335396289825, 0.16892398595809938, 0.16664712131023407, 0.16502775847911835, 0.16282967925071717, 0.16117482781410217, 0.15797707438468933, 0.15172685086727142, 0.14639203548431395, 0.14295786023139953, 0.1399116575717926, 0.13602770864963531, 0.12982552945613862, 0.1241756871342659, 0.12252278178930283, 0.12113967686891555, 0.11715231835842133], "var_explained": [[0, -0.4673800468444824], [10, 0.2846604585647583], [20, 0.43224436044692993], [30, 0.5108047425746918], [40, 0.5376716256141663], [49, 0.5518430173397064]]}