{
  "trigger_feature_matrix": [
    [
      0.0,
      0.26225414872169495,
      0.0,
      0.0,
      0.7622446417808533
    ],
    [
      0.0,
      0.8027974367141724,
      0.0,
      0.0,
      0.0
    ],
    [
      0.0,
      0.25772494077682495,
      0.0,
      0.0,
      0.005132496356964111
    ],
    [
      0.0,
      0.5429773926734924,
      0.0,
      0.0,
      0.0
    ],
    [
      0.0,
      0.43141210079193115,
      0.0,
      0.0,
      0.042304627597332
    ],
    [
      0.0,
      0.26388972997665405,
      0.0,
      0.0,
      0.11840204894542694
    ],
    [
      0.0,
      0.41131171584129333,
      0.0,
      0.0,
      0.12497930973768234
    ],
    [
      0.0,
      0.24188904464244843,
      0.0,
      0.0,
      0.0
    ],
    [
      0.0,
      0.39385977387428284,
      0.0,
      0.0,
      0.0
    ],
    [
      0.0,
      0.19409024715423584,
      0.0,
      0.0,
      0.0
    ],
    [
      0.0,
      0.6250813603401184,
      0.0,
      0.0,
      0.0
    ],
    [
      0.0,
      0.17859254777431488,
      0.0,
      0.0,
      0.0
    ],
    [
      0.0,
      0.35590752959251404,
      0.0,
      0.0,
      0.0
    ],
    [
      0.0,
      0.34827888011932373,
      0.0,
      0.0,
      0.00445672357454896
    ],
    [
      0.0,
      0.17417223751544952,
      0.0,
      0.0,
      0.0
    ]
  ],
  "trigger_names": [
    "Authority",
    "Certainty",
    "Emotional/ Affective",
    "Established Fact",
    "Experience",
    "Expert Belief",
    "Future Consensus",
    "High Stakes",
    "Limitation",
    "Negative Incentive",
    "Popular Consensus",
    "Positive Incentive",
    "Prior Agreement",
    "Self-Validation",
    "Uncertainty"
  ],
  "tone_feature_matrix": [
    [
      0.0,
      0.27771756052970886,
      0.0,
      0.0,
      0.050974030047655106
    ],
    [
      0.0,
      0.18659237027168274,
      0.0,
      0.0,
      0.15950344502925873
    ],
    [
      0.0,
      0.6325377225875854,
      0.0,
      0.0,
      0.001026499317958951
    ]
  ],
  "tone_names": [
    "mid",
    "strong",
    "weak"
  ],
  "domain_feature_matrix": [
    [
      0.0,
      0.05184262618422508,
      0.0,
      0.0,
      0.04819353669881821
    ],
    [
      0.0,
      0.07846666872501373,
      0.0,
      0.0,
      0.10689450055360794
    ],
    [
      0.0,
      0.03840651363134384,
      0.0,
      0.0,
      0.10640066862106323
    ],
    [
      0.0,
      1.3766546249389648,
      0.0,
      0.0,
      0.02678794227540493
    ],
    [
      0.0,
      0.2827094495296478,
      0.0,
      0.0,
      0.06422995030879974
    ]
  ],
  "domain_names": [
    "Health & Medicine",
    "Humanities",
    "Political Opinion",
    "STEM",
    "Socio-Economic"
  ]
}