{
  "layer": 8,
  "n_features": 5,
  "k": 2,
  "d_model": 5120,
  "constraint_type": "hierarchical",
  "var_explained": 0.4365367889404297,
  "final_loss": 0.5764669299125671,
  "n_dead_features": 0
}