{
  "activation_frequency": [
    0.49377777777777776,
    0.21288888888888888,
    0.1471111111111111,
    0.13111111111111112,
    0.05377777777777778
  ],
  "mean_activation": [
    10.959888458251953,
    4.615306377410889,
    15.408977508544922,
    4.688933372497559,
    1.0621669292449951
  ],
  "max_activation": [
    65.75135040283203,
    79.66848754882812,
    142.7394256591797,
    99.64742279052734,
    64.93280792236328
  ],
  "n_dead_features": 0
}