{"loss_total": [1.4871763229370116, 1.2730867624282838, 1.1325491905212401, 1.0694108486175538, 1.0436348915100098, 1.0174845576286315, 0.9824567914009095, 0.9665838599205017, 0.9313143372535706, 0.8939229011535644, 0.8225279450416565, 0.7703337907791138, 0.7297851085662842, 0.7069649219512939, 0.690383517742157, 0.676362156867981, 0.655921483039856, 0.6457223057746887, 0.6434369564056397, 0.6328340291976928, 0.6270120978355408, 0.6267683386802674, 0.6219425559043884, 0.617252790927887, 0.6158924698829651, 0.6162586331367492, 0.6058887839317322, 0.6141216278076171, 0.6102720499038696, 0.6085556626319886, 0.607501208782196, 0.6008976936340332, 0.6062250852584838, 0.6014169216156006, 0.5983583688735962, 0.5964419960975647, 0.5987084627151489, 0.593238890171051, 0.5893505930900573, 0.5908048033714295, 0.5917065143585205, 0.5838479161262512, 0.5900383591651917, 0.5839352607727051, 0.5766483902931213, 0.5791678309440613, 0.5755358338356018, 0.5722007393836975, 0.5772664904594421, 0.5764669299125671], "loss_rec": [1.486242127418518, 1.2692487001419068, 1.127443289756775, 1.0653212785720825, 1.041286826133728, 1.0161503314971925, 0.9813499093055725, 0.9654366850852967, 0.929877495765686, 0.891482126712799, 0.8181883335113526, 0.7639756679534913, 0.7218580842018127, 0.6981347918510437, 0.6812689781188965, 0.66706782579422, 0.6462794780731201, 0.6356263637542725, 0.6328183889389039, 0.6217537879943847, 0.6156471848487854, 0.6152474761009217, 0.6104248762130737, 0.6059448957443238, 0.6047805547714233, 0.6053573727607727, 0.5953696131706238, 0.6039572715759277, 0.6003352284431458, 0.5987230658531189, 0.5978766918182373, 0.5915541768074035, 0.5971197366714478, 0.5925185799598693, 0.5896544814109802, 0.5878850936889648, 0.5904191851615905, 0.5851302981376648, 0.5813439726829529, 0.5830147862434387, 0.5841720104217529, 0.5763991713523865, 0.5825594425201416, 0.5765674829483032, 0.5694775223731995, 0.5721673846244812, 0.5686473727226258, 0.5654215812683105, 0.5706225037574768, 0.5698831915855408], "loss_con": [0.009342014696449042, 0.03838060200214386, 0.05105902329087257, 0.04089566022157669, 0.02348060570657253, 0.013342447206377983, 0.01106885652989149, 0.01147162839770317, 0.01436858419328928, 0.024407732859253885, 0.043396124988794325, 0.06358125731348992, 0.07927012145519256, 0.0883012905716896, 0.09114537686109543, 0.09294321686029434, 0.09642011076211929, 0.10095939934253692, 0.10618585795164108, 0.11080242544412613, 0.11364913135766982, 0.11520875990390778, 0.11517677009105683, 0.11307892203330994, 0.11111908853054046, 0.10901262164115906, 0.10519161969423294, 0.10164354741573334, 0.09936825037002564, 0.09832581132650375, 0.09624504297971725, 0.09343508183956147, 0.09105351120233536, 0.08898342102766037, 0.08703873306512833, 0.08556902259588242, 0.08289271891117096, 0.08108589947223663, 0.08006608486175537, 0.07790022939443589, 0.07534497529268265, 0.07448742091655731, 0.07478912621736526, 0.07367789000272751, 0.07170867919921875, 0.07000444829463959, 0.06888461410999298, 0.0677916169166565, 0.06643991768360138, 0.06583751440048217], "var_explained": [[0, -0.3297147750854492], [10, 0.21886533498764038], [20, 0.38363564014434814], [30, 0.40323561429977417], [40, 0.41957515478134155], [49, 0.4365367889404297]]}