{
  "layer": 14,
  "n_features": 20,
  "k": 4,
  "d_model": 5120,
  "constraint_type": "hierarchical",
  "var_explained": 0.47522473335266113,
  "final_loss": 0.5276952862739563,
  "n_dead_features": 0
}