{
  "layer": 14,
  "n_features": 20,
  "consistency": 0.1351111111111111,
  "completeness": 1.0,
  "independence": 0.0,
  "composite": 0.3783703703703704,
  "feature_activation_freq": [
    0.00044444444444444447,
    0.029333333333333333,
    0.0057777777777777775,
    0.016444444444444446,
    0.064,
    0.8195555555555556,
    0.06177777777777778,
    0.5866666666666667,
    0.009333333333333334,
    0.007555555555555556,
    0.008888888888888889,
    0.5497777777777778,
    0.014222222222222223,
    0.043111111111111114,
    0.4902222222222222,
    0.05733333333333333,
    0.0,
    0.011111111111111112,
    0.5857777777777777,
    0.6368888888888888
  ]
}