{
  "activation_frequency": [
    0.0951111111111111,
    0.12755555555555556,
    0.25555555555555554,
    0.24933333333333332,
    0.10088888888888889,
    0.2528888888888889,
    0.1791111111111111,
    0.2986666666666667,
    0.08711111111111111,
    0.15288888888888888,
    0.09333333333333334,
    0.09244444444444444,
    0.05733333333333333,
    0.27555555555555555,
    0.32622222222222225,
    0.08977777777777778,
    0.11155555555555556,
    0.03288888888888889,
    0.1928888888888889,
    0.232
  ],
  "mean_activation": [
    2.9004030227661133,
    2.885470390319824,
    4.1512579917907715,
    3.6078455448150635,
    4.021113872528076,
    5.083286762237549,
    4.412959575653076,
    4.64475154876709,
    2.504471778869629,
    2.7346532344818115,
    1.4986438751220703,
    2.5479774475097656,
    1.616275429725647,
    5.737482070922852,
    5.905825614929199,
    2.4157369136810303,
    2.1779332160949707,
    1.288017988204956,
    3.055776357650757,
    3.7091012001037598
  ],
  "max_activation": [
    71.67855072021484,
    90.75592803955078,
    86.33464813232422,
    79.89916229248047,
    83.48789978027344,
    78.96802520751953,
    60.17807388305664,
    75.6107177734375,
    76.94039916992188,
    75.45292663574219,
    110.25791931152344,
    92.22802734375,
    115.23729705810547,
    72.2115249633789,
    60.63518524169922,
    67.21007537841797,
    76.57328796386719,
    140.5973663330078,
    74.3279800415039,
    70.25479125976562
  ],
  "n_dead_features": 0
}