{"loss_total": [1.705165147781372, 1.38384051322937, 1.2214471340179442, 1.1383173227310182, 1.0644883632659912, 1.0135981082916259, 0.962393319606781, 0.9214367270469666, 0.8859728097915649, 0.8515610456466675, 0.825881278514862, 0.7987518191337586, 0.7785414457321167, 0.750028645992279, 0.728644585609436, 0.7110867142677307, 0.6929268598556518, 0.6732669949531556, 0.6630843758583069, 0.6427762746810913, 0.6315277338027954, 0.6215004801750184, 0.6123899698257447, 0.6033636808395386, 0.5942471742630004, 0.590361762046814, 0.5840717315673828, 0.5741235733032226, 0.5724531769752502, 0.5676645517349244, 0.5624659419059753, 0.5585169792175293, 0.5572601914405823, 0.5540171504020691, 0.5519116520881653, 0.5504954099655152, 0.5480923533439637, 0.5459854960441589, 0.5428026795387269, 0.5436004281044007, 0.5381096482276917, 0.5367706298828125, 0.5358356595039367, 0.5344512462615967, 0.5400743603706359, 0.5328274607658386, 0.5346048831939697, 0.5296132683753967, 0.5302375912666321, 0.5276952862739563], "loss_rec": [1.7048606872558594, 1.3827910900115967, 1.2199815273284913, 1.1366069555282592, 1.0625583171844482, 1.0113787531852723, 0.9596819639205932, 0.9179514884948731, 0.8815908432006836, 0.8465385675430298, 0.82068772315979, 0.7937097787857056, 0.7737800598144531, 0.7455679178237915, 0.724443781375885, 0.7070794939994812, 0.6890463829040527, 0.669434642791748, 0.6592384696006774, 0.6388840794563293, 0.6275683164596557, 0.6174871802330018, 0.6083553552627563, 0.5993517875671387, 0.590250551700592, 0.586364459991455, 0.5800704717636108, 0.5701223731040954, 0.568462359905243, 0.5636685490608215, 0.5584488153457642, 0.5544828653335572, 0.5532106041908265, 0.5499643564224244, 0.5478790044784546, 0.5464768767356872, 0.5440812349319458, 0.5419485926628113, 0.5387279748916626, 0.539513099193573, 0.5340158700942993, 0.5326810359954834, 0.5317421078681945, 0.5303798198699952, 0.5360380172729492, 0.5288150429725647, 0.5305997729301453, 0.5256116390228271, 0.5262560367584228, 0.523738169670105], "loss_con": [0.0030445668380707502, 0.010494236275553704, 0.014656165242195129, 0.017103615030646325, 0.01930062286555767, 0.022193757444620134, 0.02711355537176132, 0.034852436184883116, 0.0438197523355484, 0.050224877148866656, 0.05193557888269425, 0.05042057037353516, 0.04761378169059753, 0.04460725337266922, 0.04200798198580742, 0.04007223173975945, 0.03880470916628838, 0.03832356557250023, 0.03845908790826798, 0.03892203494906425, 0.03959403559565544, 0.04013307765126228, 0.040346093475818634, 0.04011891633272171, 0.03996624127030372, 0.03997297659516334, 0.04001265466213226, 0.04001199752092362, 0.039908253401517865, 0.039959977567195895, 0.04017127305269241, 0.04034110605716705, 0.040495986491441725, 0.04052794054150581, 0.04032651856541634, 0.040185355395078656, 0.0401111051440239, 0.0403690755367279, 0.04074704349040985, 0.0408734068274498, 0.04093781635165215, 0.04089599326252937, 0.040935487300157544, 0.04071432873606682, 0.040363462269306184, 0.04012422561645508, 0.04005106091499329, 0.040016259998083115, 0.03981548026204109, 0.03957120329141617], "var_explained": [[0, -0.4704376459121704], [10, 0.19599825143814087], [20, 0.37844783067703247], [30, 0.44225800037384033], [40, 0.4652246832847595], [49, 0.47522473335266113]]}