{
  "layer": 20,
  "n_features": 8,
  "k": 2,
  "d_model": 5120,
  "constraint_type": "hierarchical",
  "var_explained": 0.20038509368896484,
  "final_loss": 0.806279468536377,
  "n_dead_features": 0
}