{
  "layer": 20,
  "n_features": 8,
  "consistency": 0.6333333333333333,
  "completeness": 0.9582222222222222,
  "independence": 0.0,
  "composite": 0.5305185185185185,
  "feature_activation_freq": [
    0.8711111111111111,
    0.035555555555555556,
    0.1648888888888889,
    0.21733333333333332,
    0.1288888888888889,
    0.12844444444444444,
    0.0,
    0.04533333333333334
  ]
}