{
  "activation_frequency": [
    0.08488888888888889,
    0.09466666666666666,
    0.022222222222222223,
    0.09244444444444444,
    0.23822222222222222,
    0.20133333333333334,
    0.07555555555555556,
    0.09644444444444444
  ],
  "mean_activation": [
    1.9004954099655151,
    3.827223062515259,
    0.21670101583003998,
    2.358670473098755,
    5.863725185394287,
    9.07068157196045,
    1.060936450958252,
    1.8348908424377441
  ],
  "max_activation": [
    80.36376953125,
    93.55924224853516,
    39.69670867919922,
    71.46644592285156,
    80.88091278076172,
    85.28362274169922,
    54.28672409057617,
    91.99264526367188
  ],
  "n_dead_features": 0
}