{"loss_total": [1.6963338375091552, 1.4747812747955322, 1.3350472450256348, 1.2399869680404663, 1.1705471515655517, 1.123869204521179, 1.0898980140686034, 1.0696836948394775, 1.0455721378326417, 1.0303809762001037, 1.0262433528900146, 1.0152239799499512, 1.005201017856598, 1.0041908740997314, 0.9891457915306091, 0.9822556734085083, 0.9704652667045593, 0.9571901798248291, 0.9376125693321228, 0.9273024439811707, 0.9134727478027344, 0.9022159457206727, 0.8982550978660584, 0.8845745086669922, 0.8766698956489563, 0.8727936148643494, 0.867744779586792, 0.8694584488868713, 0.8589540481567383, 0.8542400479316712, 0.854672086238861, 0.8524801373481751, 0.845363712310791, 0.8428611040115357, 0.8438625812530518, 0.8372146725654602, 0.8383635997772216, 0.8337854266166687, 0.8320380806922912, 0.8308279752731323, 0.8247458577156067, 0.8220383524894714, 0.8162634015083313, 0.809542453289032, 0.814410948753357, 0.8080744862556457, 0.8068325042724609, 0.805376923084259, 0.8048509120941162, 0.806279468536377], "loss_rec": [1.696065330505371, 1.4734612941741942, 1.3327954292297364, 1.2373273134231568, 1.1679091930389405, 1.1215234041213988, 1.0879762887954711, 1.0682139158248902, 1.044503664970398, 1.0296346545219421, 1.0257331132888794, 1.0148719549179077, 1.0049403429031372, 1.0039618015289307, 0.9888798713684082, 0.9818607926368713, 0.9698339939117432, 0.9562095880508423, 0.9362098574638367, 0.9255168676376343, 0.9114964365959167, 0.9002255201339722, 0.896344780921936, 0.8827778339385987, 0.8749448776245117, 0.8710992336273193, 0.8660554409027099, 0.8677581548690796, 0.8572595119476318, 0.8525235295295716, 0.8528836011886597, 0.8506624579429627, 0.8435790181159973, 0.8411231517791748, 0.8421430230140686, 0.83554105758667, 0.8367638349533081, 0.8322178483009338, 0.8304777503013611, 0.8292312502861023, 0.82309650182724, 0.8203701376914978, 0.8145966053009033, 0.8078720211982727, 0.8127290844917298, 0.8063759446144104, 0.8051134347915649, 0.8036657691001892, 0.8031326293945312, 0.8045424699783326], "loss_con": [0.0026851273025386034, 0.013200107589364051, 0.02251802682876587, 0.026596443727612495, 0.026379624754190444, 0.023457935079932213, 0.01921720281243324, 0.014697644859552383, 0.010684499889612198, 0.0074633372947573665, 0.005102495476603508, 0.0035204550251364706, 0.0026068448554724456, 0.0022906205616891385, 0.0026591154746711254, 0.003948852373287082, 0.006312897708266973, 0.009805955924093723, 0.014027189649641513, 0.017855774983763693, 0.019762982800602912, 0.019904130324721336, 0.019103172421455383, 0.01796674132347107, 0.017250219732522963, 0.01694387197494507, 0.01689346767961979, 0.017002981901168824, 0.016945403441786765, 0.01716514676809311, 0.017884868755936624, 0.01817687153816223, 0.017846891283988954, 0.01737951934337616, 0.017195527628064155, 0.016736046224832535, 0.015997607633471488, 0.01567585952579975, 0.015603234060108662, 0.015967201441526413, 0.016493671759963035, 0.016682184860110284, 0.01666802689433098, 0.016704288870096208, 0.016818778961896895, 0.01698536016047001, 0.01719062365591526, 0.017111558839678763, 0.017182913795113563, 0.017370093241333963], "var_explained": [[0, -0.5435611009597778], [10, -0.018643617630004883], [20, 0.09455561637878418], [30, 0.15070366859436035], [40, 0.1799115538597107], [49, 0.20038509368896484]]}