{
  "trigger_feature_matrix": [
    [
      0.0,
      18.445117950439453,
      0.0
    ],
    [
      0.0,
      16.948368072509766,
      0.0
    ],
    [
      0.0,
      20.347360610961914,
      0.0
    ],
    [
      0.0,
      18.835695266723633,
      0.0
    ],
    [
      0.0,
      52.6135139465332,
      0.0
    ],
    [
      0.0,
      35.636356353759766,
      0.0
    ],
    [
      0.0,
      11.396063804626465,
      0.6856129169464111
    ],
    [
      0.0,
      14.826173782348633,
      0.0
    ],
    [
      0.0,
      17.27397918701172,
      0.0
    ],
    [
      0.0,
      18.66419792175293,
      0.0
    ],
    [
      0.0,
      25.50469207763672,
      0.0
    ],
    [
      0.0,
      14.73670768737793,
      0.0
    ],
    [
      0.0,
      13.735743522644043,
      0.0
    ],
    [
      0.019479406997561455,
      35.62741470336914,
      0.0
    ],
    [
      0.014034314081072807,
      22.01127052307129,
      0.0
    ]
  ],
  "trigger_names": [
    "Authority",
    "Certainty",
    "Emotional/ Affective",
    "Established Fact",
    "Experience",
    "Expert Belief",
    "Future Consensus",
    "High Stakes",
    "Limitation",
    "Negative Incentive",
    "Popular Consensus",
    "Positive Incentive",
    "Prior Agreement",
    "Self-Validation",
    "Uncertainty"
  ],
  "tone_feature_matrix": [
    [
      0.0028068628162145615,
      22.922922134399414,
      0.0
    ],
    [
      0.0,
      20.029266357421875,
      0.0
    ],
    [
      0.0038958813529461622,
      24.36834144592285,
      0.13712258636951447
    ]
  ],
  "tone_names": [
    "mid",
    "strong",
    "weak"
  ],
  "domain_feature_matrix": [
    [
      0.004678104538470507,
      18.474308013916016,
      0.0
    ],
    [
      0.0,
      25.315418243408203,
      0.0
    ],
    [
      0.0,
      20.693944931030273,
      0.2285376340150833
    ],
    [
      0.0,
      21.342296600341797,
      0.0
    ],
    [
      0.00649313535541296,
      26.374919891357422,
      0.0
    ]
  ],
  "domain_names": [
    "Health & Medicine",
    "Humanities",
    "Political Opinion",
    "STEM",
    "Socio-Economic"
  ]
}