{
  "layer": 28,
  "n_features": 3,
  "consistency": 0.2822222222222222,
  "completeness": 0.2822222222222222,
  "independence": 0.0,
  "composite": 0.18814814814814815,
  "feature_activation_freq": [
    0.0008888888888888889,
    0.2808888888888889,
    0.00044444444444444447
  ]
}