{
  "activation_frequency": [
    0.02311111111111111,
    0.01911111111111111,
    0.016
  ],
  "mean_activation": [
    0.2714897394180298,
    0.17167532444000244,
    0.1696455329656601
  ],
  "max_activation": [
    40.22365188598633,
    26.979463577270508,
    55.657291412353516
  ],
  "n_dead_features": 0
}