{"loss_total": [1.692495059967041, 1.485217022895813, 1.329783821105957, 1.2189583778381348, 1.142552876472473, 1.0971679210662841, 1.0661871194839478, 1.0463875532150269, 1.031963872909546, 1.0246412992477416, 1.0204663515090941, 1.0207425594329833, 1.0164681911468505, 1.010968232154846, 1.0118697881698608, 1.0132919669151306, 1.007135033607483, 1.0051315546035766, 1.006781542301178, 1.0028119802474975, 1.001173722743988, 1.005376410484314, 1.0029601812362672, 1.003229522705078, 1.0089452505111693, 1.0014076590538026, 1.0018427848815918, 1.0058381676673889, 1.0024367332458497, 0.9995239853858948, 1.0004445433616638, 1.0028748035430908, 1.0017506957054139, 1.0020585417747498, 0.998578417301178, 0.998166537284851, 1.004352343082428, 1.002322781085968, 1.0001732230186462, 1.003442370891571, 0.9980307340621948, 1.003265416622162, 0.9992037415504456, 0.9993028163909912, 1.000613284111023, 1.001460611820221, 0.9998358607292175, 1.0028380036354065, 0.9987029671669007, 1.0012978672981263], "loss_rec": [1.692465901374817, 1.4851874351501464, 1.3297473192214966, 1.2189151763916015, 1.1425098657608033, 1.0971330165863038, 1.066163754463196, 1.0463732481002808, 1.0319548845291138, 1.0246345043182372, 1.020460057258606, 1.0207361936569215, 1.0164624214172364, 1.0109642148017883, 1.011867094039917, 1.013289713859558, 1.007132649421692, 1.0051293134689332, 1.0067797660827638, 1.0028106689453125, 1.0011727213859558, 1.0053755164146423, 1.002959167957306, 1.0032282710075378, 1.0089441418647767, 1.0014068126678466, 1.0018421530723571, 1.0058375716209411, 1.0024362325668335, 0.9995234131813049, 1.000443959236145, 1.0028743624687195, 1.0017503380775452, 1.0020581126213073, 0.9985780715942383, 0.9981662511825562, 1.0043520092964173, 1.0023224353790283, 1.0001728892326356, 1.00344215631485, 0.9980304360389709, 1.0032650589942933, 0.999203360080719, 0.9993024826049804, 1.000613033771515, 1.001460337638855, 0.9998356103897095, 1.0028377056121827, 0.9987026333808899, 1.0012975096702577], "loss_con": [0.0002915175282396376, 0.0002959053497761488, 0.000365006469655782, 0.0004320529929827899, 0.0004300150380004197, 0.00034913678537122904, 0.00023371056304313242, 0.00014289991231635212, 9.003527666209265e-05, 6.791935302317143e-05, 6.306770083028824e-05, 6.383956497302279e-05, 5.7887283037416634e-05, 3.9889870822662485e-05, 2.6970046383212322e-05, 2.2533487936016172e-05, 2.3513793348683975e-05, 2.251021760457661e-05, 1.77602116309572e-05, 1.3149867845640983e-05, 1.0008183744503185e-05, 8.786916077951901e-06, 1.0055685925181023e-05, 1.2533919289126061e-05, 1.1154983258165885e-05, 8.498361967212987e-06, 6.285268682404421e-06, 5.6002422752499115e-06, 5.293717549648136e-06, 5.673307896358892e-06, 5.869102460565046e-06, 4.5103812681190906e-06, 3.4714825233095325e-06, 4.28403209298267e-06, 3.555346347638988e-06, 3.0290904760477135e-06, 3.137529074592749e-06, 3.609523264458403e-06, 3.3562439057277517e-06, 2.081059733427537e-06, 3.015439597220393e-06, 3.642886076704599e-06, 3.7887431972194465e-06, 3.42203161380894e-06, 2.3474375666410196e-06, 2.727286528170225e-06, 2.4033975023485254e-06, 2.7859654892381515e-06, 3.1394838060805343e-06, 3.2740105780248998e-06], "var_explained": [[0, -0.5532677173614502], [10, -0.01772010326385498], [20, -0.004300117492675781], [30, -0.0014643669128417969], [40, -0.00021529197692871094], [49, 0.0005105137825012207]]}