{
  "layer": 20,
  "n_features": 15,
  "k": 3,
  "d_model": 5120,
  "constraint_type": "hierarchical",
  "var_explained": 0.3299080729484558,
  "final_loss": 0.6767717242240906,
  "n_dead_features": 0
}