{
  "layer": 20,
  "n_features": 15,
  "consistency": 0.37955555555555553,
  "completeness": 0.9937777777777778,
  "independence": 0.0,
  "composite": 0.4577777777777778,
  "feature_activation_freq": [
    0.06888888888888889,
    0.0022222222222222222,
    0.0057777777777777775,
    0.12666666666666668,
    0.21822222222222223,
    0.04755555555555555,
    0.5995555555555555,
    0.03155555555555556,
    0.005333333333333333,
    0.10711111111111112,
    0.076,
    0.21688888888888888,
    0.11688888888888889,
    0.9155555555555556,
    0.1688888888888889
  ]
}