{
  "activation_frequency": [
    0.16933333333333334,
    0.11555555555555555,
    0.15422222222222223,
    0.1831111111111111,
    0.24755555555555556,
    0.11466666666666667,
    0.1768888888888889,
    0.08888888888888889,
    0.12622222222222224,
    0.15911111111111112,
    0.22177777777777777,
    0.2,
    0.07288888888888889,
    0.07422222222222222,
    0.07511111111111111
  ],
  "mean_activation": [
    4.292396068572998,
    2.1284332275390625,
    4.842278003692627,
    7.32213020324707,
    4.329185962677002,
    2.2129709720611572,
    2.973025321960449,
    2.7662711143493652,
    1.7690134048461914,
    3.525144577026367,
    5.022695541381836,
    4.900455951690674,
    1.4923204183578491,
    1.76029634475708,
    0.6868336200714111
  ],
  "max_activation": [
    75.66867065429688,
    64.18911743164062,
    76.15135955810547,
    82.4563217163086,
    59.984127044677734,
    63.2629280090332,
    67.94337463378906,
    73.26486206054688,
    68.39810180664062,
    66.24028015136719,
    58.02711868286133,
    73.43484497070312,
    61.382816314697266,
    109.57996368408203,
    38.57229232788086
  ],
  "n_dead_features": 0
}