{"loss_total": [1.7267089366912842, 1.4732294082641602, 1.3334534406661986, 1.2452525615692138, 1.1695733308792113, 1.1236388206481933, 1.0793462991714478, 1.0398123741149903, 1.0046207547187804, 0.965064549446106, 0.9368661999702453, 0.9109594941139221, 0.8907053828239441, 0.8763151049613953, 0.8578785419464111, 0.8435055136680603, 0.8304825782775879, 0.8210071563720703, 0.8072203516960144, 0.7970856189727783, 0.7919373035430908, 0.7807091474533081, 0.7720926403999329, 0.764076030254364, 0.7549684286117554, 0.7534343719482421, 0.7417536377906799, 0.7392346739768982, 0.7326428771018982, 0.7285672426223755, 0.7221917629241943, 0.7211520552635193, 0.7141960859298706, 0.7125192999839782, 0.7065870881080627, 0.7062533497810364, 0.7037634015083313, 0.7039730906486511, 0.6973016738891602, 0.6961171388626098, 0.694521677494049, 0.6888426661491394, 0.6922427773475647, 0.6866507649421691, 0.6845078587532043, 0.6861223220825196, 0.6803845882415771, 0.6792016506195069, 0.6753762125968933, 0.6767717242240906], "loss_rec": [1.7263840198516847, 1.4719144105911255, 1.331447720527649, 1.24296293258667, 1.1672224521636962, 1.1213378667831422, 1.0771386623382568, 1.0376702070236206, 1.0024262189865112, 0.9626090407371521, 0.9339443922042847, 0.9075315356254577, 0.8869113445281982, 0.8723343133926391, 0.8538092732429504, 0.8394052863121033, 0.8264102458953857, 0.8170334339141846, 0.8033544182777405, 0.793309235572815, 0.7882268786430359, 0.7770373702049256, 0.7684733986854553, 0.7605223417282104, 0.751445472240448, 0.7499029397964477, 0.7381918549537658, 0.7356660485267639, 0.7290865540504455, 0.7250277876853943, 0.7186928629875183, 0.7176996827125549, 0.7107844114303589, 0.7091273069381714, 0.7032173037528991, 0.7029196262359619, 0.7004619002342224, 0.7006990909576416, 0.6940456748008728, 0.6928792119026184, 0.6912896752357482, 0.6856332540512085, 0.6890768885612488, 0.6835014700889588, 0.6813566565513611, 0.6829880475997925, 0.677267587184906, 0.6760934233665467, 0.6722725749015808, 0.6736742854118347], "loss_con": [0.0032487969496287406, 0.013150208070874215, 0.02005687393248081, 0.022896352410316467, 0.0235087338835001, 0.02300970070064068, 0.022076301276683807, 0.021421750634908678, 0.021945375576615335, 0.024554993212223052, 0.029218114912509918, 0.03427947610616684, 0.03794030174612999, 0.039807931333780286, 0.04069275707006455, 0.04100239798426628, 0.04072337001562119, 0.039737120270729065, 0.03865935206413269, 0.03776378333568573, 0.03710421547293663, 0.03671790435910225, 0.03619250878691673, 0.03553683906793594, 0.035229481756687164, 0.03531431928277016, 0.03561785221099854, 0.035686283558607104, 0.035563267022371295, 0.03539446964859962, 0.034989120066165925, 0.03452364206314087, 0.034116828441619874, 0.03391994163393974, 0.03369793370366096, 0.03333714678883552, 0.033014995604753496, 0.03274000510573387, 0.03255995362997055, 0.03237943202257156, 0.03232004567980766, 0.03209410533308983, 0.031658807396888734, 0.0314930260181427, 0.03151208534836769, 0.03134290315210819, 0.031170105934143065, 0.031082261353731155, 0.031036471575498582, 0.030974472314119338], "var_explained": [[0, -0.5447986125946045], [10, 0.08307188749313354], [20, 0.22060346603393555], [30, 0.28230857849121094], [40, 0.31186068058013916], [49, 0.3299080729484558]]}