{
  "layer": 28,
  "n_features": 30,
  "k": 5,
  "d_model": 5120,
  "constraint_type": "hierarchical",
  "var_explained": 0.4391127824783325,
  "final_loss": 0.5644933462142945,
  "n_dead_features": 0
}