{
  "layer": 28,
  "n_features": 30,
  "consistency": 0.11822222222222223,
  "completeness": 1.0,
  "independence": 0.0,
  "composite": 0.37274074074074076,
  "feature_activation_freq": [
    0.10444444444444445,
    0.04888888888888889,
    0.10266666666666667,
    0.25422222222222224,
    0.035555555555555556,
    0.1711111111111111,
    0.03688888888888889,
    0.043111111111111114,
    0.36,
    0.09155555555555556,
    0.04577777777777778,
    0.06888888888888889,
    0.1688888888888889,
    0.02711111111111111,
    0.07244444444444445,
    0.004888888888888889,
    0.025777777777777778,
    0.06666666666666667,
    0.29644444444444445,
    0.7373333333333333,
    0.26755555555555555,
    0.034666666666666665,
    0.14266666666666666,
    0.9351111111111111,
    0.22266666666666668,
    0.09422222222222222,
    0.060444444444444446,
    0.15644444444444444,
    0.036444444444444446,
    0.284
  ]
}