{
  "activation_frequency": [
    0.06711111111111111,
    0.17155555555555554,
    0.096,
    0.2248888888888889,
    0.10533333333333333,
    0.06933333333333333,
    0.15466666666666667,
    0.043111111111111114,
    0.17422222222222222,
    0.1351111111111111,
    0.13111111111111112,
    0.19644444444444445,
    0.21955555555555556,
    0.112,
    0.14,
    0.22088888888888888,
    0.064,
    0.17066666666666666,
    0.10444444444444445,
    0.15155555555555555,
    0.124,
    0.19377777777777777,
    0.22755555555555557,
    0.08577777777777777,
    0.19644444444444445,
    0.1288888888888889,
    0.07155555555555555,
    0.196,
    0.08177777777777778,
    0.21422222222222223
  ],
  "mean_activation": [
    1.6546366214752197,
    3.1508028507232666,
    1.355311393737793,
    2.8833417892456055,
    1.8729127645492554,
    1.5064421892166138,
    2.943763494491577,
    0.9117457866668701,
    3.367898941040039,
    2.5915417671203613,
    2.537773609161377,
    3.728443145751953,
    3.364750623703003,
    2.198570966720581,
    2.2738230228424072,
    3.2173242568969727,
    1.0717240571975708,
    2.4061906337738037,
    1.7295817136764526,
    1.646301031112671,
    2.034173011779785,
    3.4840197563171387,
    3.778223991394043,
    1.3786064386367798,
    3.5456337928771973,
    2.1219193935394287,
    1.5405882596969604,
    7.2348127365112305,
    1.472469449043274,
    3.3883228302001953
  ],
  "max_activation": [
    69.46654510498047,
    64.67346954345703,
    59.26722717285156,
    49.92734909057617,
    54.375328063964844,
    86.53929138183594,
    72.80219268798828,
    98.17804718017578,
    51.453033447265625,
    76.18280029296875,
    74.92311096191406,
    63.18601608276367,
    49.84817886352539,
    72.629150390625,
    83.08961486816406,
    46.012847900390625,
    78.04281616210938,
    78.99046325683594,
    78.4876937866211,
    39.6566047668457,
    62.395835876464844,
    59.23247146606445,
    47.16417694091797,
    72.2358627319336,
    57.183597564697266,
    58.78232955932617,
    69.65750122070312,
    62.03554916381836,
    86.42643737792969,
    59.02995681762695
  ],
  "n_dead_features": 0
}