{"loss_total": [1.6397533893585206, 1.3785675764083862, 1.2593552589416503, 1.177357792854309, 1.1160015344619751, 1.0541296482086182, 1.0076348781585693, 0.9616271376609802, 0.9267271041870118, 0.8893144607543946, 0.8641375541687012, 0.8312222003936768, 0.8073716163635254, 0.7896014809608459, 0.7648796439170837, 0.7418129682540894, 0.7266746759414673, 0.7104592323303223, 0.6903578400611877, 0.6827389597892761, 0.6718544483184814, 0.6591875195503235, 0.6543975234031677, 0.6442807674407959, 0.6345521330833435, 0.6281896591186523, 0.6251518130302429, 0.6147434830665588, 0.6141409158706665, 0.6081786036491394, 0.6045596718788147, 0.600161337852478, 0.5970258235931396, 0.5927569627761841, 0.5898317456245422, 0.5872088432312011, 0.5836084127426148, 0.5832815527915954, 0.5809723973274231, 0.5787145972251893, 0.579030454158783, 0.5762182831764221, 0.575752568244934, 0.571076226234436, 0.5695241570472718, 0.5702007293701172, 0.5684583783149719, 0.564283573627472, 0.5644271612167359, 0.5644933462142945], "loss_rec": [1.6395598888397216, 1.3779885530471803, 1.2585657119750977, 1.176435923576355, 1.114991044998169, 1.0530313491821288, 1.0063315033912659, 0.9598608374595642, 0.9242443561553955, 0.8861167430877686, 0.8604789972305298, 0.8274278521537781, 0.8036583423614502, 0.7861157655715942, 0.7616696238517762, 0.7388354897499084, 0.7238774061203003, 0.7077993988990784, 0.6878015398979187, 0.6802814841270447, 0.6694777488708497, 0.6568716287612915, 0.652144193649292, 0.6420843124389648, 0.6324109315872193, 0.626102614402771, 0.6230961441993713, 0.6126965165138245, 0.6120908617973327, 0.6061225175857544, 0.6024916768074036, 0.5980775475502014, 0.5949286699295044, 0.5906418204307556, 0.587691068649292, 0.5850416898727417, 0.5814109444618225, 0.5810503482818603, 0.5787151455879211, 0.5764326095581055, 0.576729929447174, 0.5738946557044983, 0.5733998537063598, 0.56870539188385, 0.5671337127685547, 0.5677963376045227, 0.5660538673400879, 0.5618694424629211, 0.5619993805885315, 0.5620539307594299], "loss_con": [0.001935054559726268, 0.005790375173091888, 0.007895762752741575, 0.009218481369316578, 0.010105050355195998, 0.01098327748477459, 0.013033772446215152, 0.01766290292143822, 0.024827399477362632, 0.03197722472250462, 0.0365855872631073, 0.03794355317950249, 0.03713262528181076, 0.0348569467663765, 0.03210012428462505, 0.029774729907512665, 0.02797282226383686, 0.026598339155316352, 0.025562966614961623, 0.024574588611721994, 0.023767010867595674, 0.02315884791314602, 0.022533488273620606, 0.02196461893618107, 0.021412135288119315, 0.02087051421403885, 0.020556755363941193, 0.020469729974865913, 0.020500479638576506, 0.02056085355579853, 0.020679911226034166, 0.020837869867682456, 0.020971502736210824, 0.02115146890282631, 0.021406733989715578, 0.021671482548117637, 0.02197454646229744, 0.02231207937002182, 0.0225724495947361, 0.02281985878944397, 0.023005171120166777, 0.023236336186528206, 0.023527026921510697, 0.02370835803449154, 0.023904361948370933, 0.024043915793299675, 0.02404523119330406, 0.024141263216733932, 0.02427777387201786, 0.024394165724515915], "var_explained": [[0, -0.4479992389678955], [10, 0.15802443027496338], [20, 0.3378186821937561], [30, 0.4014320373535156], [40, 0.427043616771698], [49, 0.4391127824783325]]}