{
  "trigger_feature_matrix": [
    [
      1.1694732904434204,
      0.13310371339321136,
      0.0,
      0.23457247018814087,
      3.4497578144073486
    ],
    [
      2.204664707183838,
      0.5090060234069824,
      0.6272084712982178,
      0.5945764183998108,
      3.9214956760406494
    ],
    [
      0.0,
      0.0,
      0.7076039910316467,
      0.9286906123161316,
      4.644248008728027
    ],
    [
      0.0,
      0.03557576984167099,
      0.3292824327945709,
      0.3232131600379944,
      1.5687222480773926
    ],
    [
      3.3430144786834717,
      1.9020615816116333,
      0.0,
      0.007736304774880409,
      5.631685256958008
    ],
    [
      0.6526440382003784,
      0.4269753098487854,
      0.11460120975971222,
      0.33104392886161804,
      2.822819709777832
    ],
    [
      2.1896119117736816,
      1.5391474962234497,
      0.17863330245018005,
      0.22214867174625397,
      3.922060489654541
    ],
    [
      5.260066509246826,
      0.05625506862998009,
      0.27245602011680603,
      0.36401286721229553,
      1.9928025007247925
    ],
    [
      1.0048816204071045,
      0.42257314920425415,
      0.20209556818008423,
      0.28886422514915466,
      2.4443442821502686
    ],
    [
      0.0,
      0.0,
      0.2787661850452423,
      0.48800528049468994,
      2.3351542949676514
    ],
    [
      2.2968788146972656,
      2.4976024627685547,
      0.505126953125,
      0.12505769729614258,
      2.42535662651062
    ],
    [
      3.423062801361084,
      0.036220502108335495,
      0.5065534710884094,
      0.7705237865447998,
      1.7586684226989746
    ],
    [
      4.045451641082764,
      0.02955324575304985,
      0.4276092052459717,
      0.09995017945766449,
      2.883620500564575
    ],
    [
      0.0,
      0.015741581097245216,
      0.0,
      0.05016593262553215,
      5.868224620819092
    ],
    [
      3.3372862339019775,
      0.016327040269970894,
      0.12015008181333542,
      0.8626072406768799,
      2.7847900390625
    ]
  ],
  "trigger_names": [
    "Authority",
    "Certainty",
    "Emotional/ Affective",
    "Established Fact",
    "Experience",
    "Expert Belief",
    "Future Consensus",
    "High Stakes",
    "Limitation",
    "Negative Incentive",
    "Popular Consensus",
    "Positive Incentive",
    "Prior Agreement",
    "Self-Validation",
    "Uncertainty"
  ],
  "tone_feature_matrix": [
    [
      1.332086205482483,
      0.4893869161605835,
      0.3218304514884949,
      0.2233007550239563,
      3.2369377613067627
    ],
    [
      4.45332145690918,
      0.6158626079559326,
      0.026646187528967857,
      0.05900033563375473,
      3.1056511402130127
    ],
    [
      0.0,
      0.4187791645526886,
      0.5055407285690308,
      0.8559327125549316,
      3.348161458969116
    ]
  ],
  "tone_names": [
    "mid",
    "strong",
    "weak"
  ],
  "domain_feature_matrix": [
    [
      1.7297642230987549,
      0.5446648597717285,
      1.3242466449737549,
      0.038640912622213364,
      2.6188485622406006
    ],
    [
      1.9673633575439453,
      1.0516550540924072,
      0.014827496372163296,
      0.504563570022583,
      2.8513786792755127
    ],
    [
      2.2473270893096924,
      0.43700966238975525,
      0.05307234451174736,
      1.0777755975723267,
      4.79011344909668
    ],
    [
      2.1685755252838135,
      0.3214755356311798,
      0.013416483998298645,
      0.20295493304729462,
      3.690417528152466
    ],
    [
      1.529314637184143,
      0.1852426379919052,
      0.01779937744140625,
      0.07312130182981491,
      2.2004904747009277
    ]
  ],
  "domain_names": [
    "Health & Medicine",
    "Humanities",
    "Political Opinion",
    "STEM",
    "Socio-Economic"
  ]
}