{
  "layer": 20,
  "n_features": 5,
  "k": 2,
  "d_model": 5120,
  "constraint_type": "hierarchical",
  "var_explained": 0.11690765619277954,
  "final_loss": 0.8844433426856995,
  "n_dead_features": 0
}