{
  "layer": 20,
  "n_features": 5,
  "consistency": 0.3631111111111111,
  "completeness": 0.38,
  "independence": 0.0,
  "composite": 0.24770370370370368,
  "feature_activation_freq": [
    0.12622222222222224,
    0.035555555555555556,
    0.015555555555555555,
    0.028444444444444446,
    0.224
  ]
}