{
  "activation_frequency": [
    0.21511111111111111,
    0.08577777777777777,
    0.032,
    0.08577777777777777,
    0.021777777777777778
  ],
  "mean_activation": [
    10.555532455444336,
    1.2890664339065552,
    0.5879536867141724,
    1.7643396854400635,
    0.20821036398410797
  ],
  "max_activation": [
    102.09764862060547,
    59.97517395019531,
    83.6023941040039,
    75.44802856445312,
    36.72059631347656
  ],
  "n_dead_features": 0
}