{"loss_total": [1.7321128606796266, 1.4721483707427978, 1.2953932762145997, 1.200758934020996, 1.134035015106201, 1.0924286842346191, 1.063124990463257, 1.043318009376526, 1.030270266532898, 1.0170170187950134, 1.0115955591201782, 1.0043557286262512, 0.9947637677192688, 0.9921812772750854, 0.9775524973869324, 0.9770674467086792, 0.9680472254753113, 0.9605728030204773, 0.9491931915283203, 0.9418416976928711, 0.9389548778533936, 0.9313395380973816, 0.9252055764198304, 0.920698058605194, 0.9146756410598755, 0.9140987873077393, 0.9183414220809937, 0.9119556427001954, 0.9104717969894409, 0.9073447465896607, 0.9096942663192749, 0.9039528131484985, 0.9038233160972595, 0.9070727109909058, 0.8972858309745788, 0.9091251492500305, 0.8970993280410766, 0.8996483564376831, 0.8988589882850647, 0.8967607975006103, 0.8954213976860046, 0.8980458021163941, 0.8950259923934937, 0.8959113359451294, 0.8894415497779846, 0.8893040180206299, 0.8876256823539734, 0.8899125218391418, 0.8883158683776855, 0.8844433426856995], "loss_rec": [1.7316897630691528, 1.4697091817855834, 1.291078543663025, 1.1960606813430785, 1.1301494359970092, 1.0897897958755494, 1.061573576927185, 1.0424571275711059, 1.0297579288482666, 1.0166759729385375, 1.0113633275032043, 1.0041862964630126, 0.994603443145752, 0.9919907212257385, 0.9773113369941712, 0.9767600774765015, 0.9676663875579834, 0.9601191759109498, 0.9486648201942444, 0.941232430934906, 0.9382744550704956, 0.9306164383888245, 0.9244718074798584, 0.919967257976532, 0.9139980554580689, 0.9135164618492126, 0.917848539352417, 0.9115467548370362, 0.9101342916488647, 0.9070451140403748, 0.9094191908836364, 0.9037072896957398, 0.9036070823669433, 0.9068748831748963, 0.8970893621444702, 0.9089265108108521, 0.8968962669372559, 0.8994499087333679, 0.8986621499061584, 0.8965616464614868, 0.8952182292938232, 0.8978415846824646, 0.8948190212249756, 0.895694124698639, 0.8892095565795899, 0.8890512347221374, 0.8873452067375183, 0.8895954608917236, 0.8879579544067383, 0.8840474367141724], "loss_con": [0.004231101047480479, 0.024391938373446463, 0.04314732700586319, 0.04698272496461868, 0.03885598704218864, 0.026388826966285705, 0.015514163300395012, 0.008608612325042486, 0.005123457685112953, 0.0034103528130799534, 0.002322271466255188, 0.001694581750780344, 0.0016034391243010758, 0.001905574114061892, 0.0024115356151014566, 0.003073558723554015, 0.0038083968684077263, 0.004536260105669499, 0.005283743049949408, 0.0060927562415599825, 0.006804192624986172, 0.00723110418766737, 0.007337682694196701, 0.007308090291917324, 0.006775889825075865, 0.005823313072323799, 0.004928845725953579, 0.004088831692934036, 0.0033751385752111675, 0.002996280090883374, 0.0027507569175213575, 0.0024552841670811175, 0.0021622417960315944, 0.0019784200238063933, 0.0019647393841296435, 0.0019863680005073546, 0.002030553063377738, 0.0019844282418489457, 0.001968374941498041, 0.001991390250623226, 0.0020318584516644477, 0.002042214758694172, 0.002069662418216467, 0.002172122336924076, 0.0023198551032692196, 0.0025277947541326286, 0.0028047297149896623, 0.003170680860057473, 0.0035791553556919096, 0.003959091799333692], "var_explained": [[0, -0.5547412633895874], [10, -0.007058978080749512], [20, 0.06976091861724854], [30, 0.09455114603042603], [40, 0.10416918992996216], [49, 0.11690765619277954]]}