{
  "layer": 8,
  "n_features": 3,
  "k": 1,
  "d_model": 5120,
  "constraint_type": "hierarchical",
  "var_explained": 0.2908884286880493,
  "final_loss": 0.7106403946876526,
  "n_dead_features": 0
}