{
  "activation_frequency": [
    0.0008888888888888889,
    0.124,
    0.11555555555555555
  ],
  "mean_activation": [
    0.04859982430934906,
    13.678321838378906,
    2.505420684814453
  ],
  "max_activation": [
    102.7942886352539,
    156.53648376464844,
    74.2356948852539
  ],
  "n_dead_features": 0
}