{"loss_total": [1.7743650436401368, 1.4173011541366578, 1.233528208732605, 1.1046411514282226, 1.033767318725586, 1.0141778349876405, 0.9897699356079102, 0.9619098424911499, 0.9519590258598327, 0.933077359199524, 0.8967593312263489, 0.8748274207115173, 0.8537561774253846, 0.8376806020736695, 0.8220900535583496, 0.7937521696090698, 0.7861181139945984, 0.7753016829490662, 0.772039532661438, 0.758699107170105, 0.764083456993103, 0.745713222026825, 0.747241222858429, 0.7559089541435242, 0.7415191650390625, 0.7441543221473694, 0.7518778324127198, 0.7424757957458497, 0.7359373092651367, 0.730860686302185, 0.730450963973999, 0.7252310156822205, 0.723971939086914, 0.7234091758728027, 0.7258548378944397, 0.7241745710372924, 0.715168833732605, 0.7153290987014771, 0.7217495799064636, 0.7097401976585388, 0.7344608187675477, 0.7146681189537049, 0.7173053622245789, 0.718519139289856, 0.7123175621032715, 0.7239027500152588, 0.7171875357627868, 0.7150699257850647, 0.7013924717903137, 0.7106403946876526], "loss_rec": [1.7742690563201904, 1.417162799835205, 1.233235764503479, 1.104138445854187, 1.0330995917320251, 1.0135380148887634, 0.9892475724220275, 0.9614174723625183, 0.9512624025344849, 0.931919515132904, 0.8946853876113892, 0.8712635040283203, 0.8487667202949524, 0.8309013366699218, 0.8130868434906006, 0.7826188445091248, 0.7743331670761109, 0.7644301176071167, 0.7633995652198792, 0.7521743893623352, 0.7580627202987671, 0.7400035619735718, 0.7424327254295349, 0.7518211245536804, 0.7378085851669312, 0.7411745190620422, 0.7499487400054932, 0.7409832835197449, 0.7346862077713012, 0.7301060676574707, 0.7300572633743286, 0.7247936725616455, 0.7234355449676514, 0.7231700420379639, 0.725767183303833, 0.7240914821624755, 0.7150889873504639, 0.7152884364128113, 0.7217095136642456, 0.7096776843070984, 0.7343925833702087, 0.7145596742630005, 0.7171697378158569, 0.7183852910995483, 0.7121940612792969, 0.7237447261810303, 0.7169291138648987, 0.7147826194763184, 0.7010890960693359, 0.7103161573410034], "loss_con": [0.0009595621493645012, 0.0013835840858519078, 0.002924637496471405, 0.005027112178504467, 0.0066774233244359495, 0.0063983254134654995, 0.0052235635928809645, 0.004923852253705263, 0.006966122891753912, 0.01157832909375429, 0.020739489048719407, 0.03563923127949238, 0.04989446848630905, 0.06779270842671395, 0.09003202617168427, 0.11133323907852173, 0.1178496316075325, 0.10871554762125016, 0.08639963865280151, 0.06524725705385208, 0.060207270085811615, 0.05709652900695801, 0.04808493927121162, 0.04087837338447571, 0.03710581734776497, 0.029798142984509467, 0.01929099000990391, 0.014925007522106171, 0.012511074356734753, 0.0075461890548467634, 0.003937037149444223, 0.0043735351413488385, 0.005364076886326075, 0.0023914761375635864, 0.0008765047532506287, 0.0008308078162372112, 0.0007984404917806387, 0.00040654740296304227, 0.00040062513435259464, 0.0006251411396078765, 0.0006822748924605549, 0.001084484823513776, 0.0013562735170125962, 0.0013384515419602393, 0.0012351022334769369, 0.001580175245180726, 0.002584122261032462, 0.002873170981183648, 0.0030336763709783556, 0.0032423326279968022], "var_explained": [[0, -0.5299522876739502], [10, 0.11332857608795166], [20, 0.2516452670097351], [30, 0.27156996726989746], [40, 0.28220003843307495], [49, 0.2908884286880493]]}