{
  "layer": 20,
  "n_features": 12,
  "k": 3,
  "d_model": 5120,
  "constraint_type": "hierarchical",
  "var_explained": 0.3050963282585144,
  "final_loss": 0.7033243536949157,
  "n_dead_features": 0
}