{
  "layer": 20,
  "n_features": 12,
  "consistency": 0.4013333333333333,
  "completeness": 0.9973333333333333,
  "independence": 0.0,
  "composite": 0.46622222222222226,
  "feature_activation_freq": [
    0.049777777777777775,
    0.060444444444444446,
    0.03422222222222222,
    0.7573333333333333,
    0.1471111111111111,
    0.12666666666666668,
    0.17555555555555555,
    0.06888888888888889,
    0.248,
    0.08266666666666667,
    0.7991111111111111,
    0.1
  ]
}