{
  "activation_frequency": [
    0.08977777777777778,
    0.11155555555555556,
    0.09777777777777778,
    0.10222222222222223,
    0.08222222222222222,
    0.1942222222222222,
    0.19155555555555556,
    0.22133333333333333,
    0.23777777777777778,
    0.14533333333333334,
    0.07777777777777778,
    0.1368888888888889
  ],
  "mean_activation": [
    1.902085542678833,
    3.562062978744507,
    3.2068400382995605,
    1.7897001504898071,
    1.835276484489441,
    4.707388877868652,
    4.327668190002441,
    7.178081035614014,
    4.756854057312012,
    3.3881728649139404,
    0.9257263541221619,
    6.159142017364502
  ],
  "max_activation": [
    100.80880737304688,
    82.17515563964844,
    82.36302185058594,
    53.14508819580078,
    82.17096710205078,
    74.97306823730469,
    63.681758880615234,
    85.64006042480469,
    73.31524658203125,
    79.33013916015625,
    55.904048919677734,
    100.67997741699219
  ],
  "n_dead_features": 0
}