{"loss_total": [1.6870131731033324, 1.4405903339385986, 1.3032527685165405, 1.2219651937484741, 1.1533986568450927, 1.110950756072998, 1.0756972551345825, 1.03737370967865, 1.0123384952545167, 0.9836106181144715, 0.9614126324653626, 0.9406033277511596, 0.9280666828155517, 0.9111111044883728, 0.9007638335227967, 0.8849810838699341, 0.8798236846923828, 0.8629290580749511, 0.8586025714874268, 0.8497595429420471, 0.838276720046997, 0.8304619789123535, 0.8165752410888671, 0.8141887187957764, 0.8036228656768799, 0.7958743929862976, 0.7894530296325684, 0.7796644926071167, 0.7720724105834961, 0.7656577587127685, 0.7570366263389587, 0.7566578149795532, 0.7460349917411804, 0.7423275828361511, 0.7429035902023315, 0.7396769404411316, 0.7327759385108947, 0.7329692363739013, 0.7267059683799744, 0.7249180316925049, 0.7207194089889526, 0.7208730220794678, 0.7175580143928528, 0.7132491111755371, 0.7097715139389038, 0.7067293286323547, 0.7085545420646667, 0.7072805762290955, 0.7042647719383239, 0.7033243536949157], "loss_rec": [1.6866622686386108, 1.4388983249664307, 1.3004622220993043, 1.2186514854431152, 1.1499743223190309, 1.107663059234619, 1.0726728677749633, 1.0346447229385376, 1.009823477268219, 0.9810990214347839, 0.9586114525794983, 0.9372965216636657, 0.9242334127426147, 0.9069023728370667, 0.8963616132736206, 0.8804811596870422, 0.875275981426239, 0.8583747744560242, 0.8540308117866516, 0.8451442837715148, 0.833627438545227, 0.8258082032203674, 0.8119627833366394, 0.8096039175987244, 0.7990543842315674, 0.7913187623023987, 0.7849268674850464, 0.775199007987976, 0.7676332116127014, 0.7611807584762573, 0.7524944543838501, 0.7520387411117554, 0.7413739919662475, 0.7376248002052307, 0.7381597638130188, 0.7349303960800171, 0.728023099899292, 0.7281773447990417, 0.7218544363975525, 0.72000093460083, 0.7157911896705628, 0.7159293413162231, 0.7126192212104797, 0.708285677433014, 0.704746687412262, 0.7016697525978088, 0.703501284122467, 0.7022661685943603, 0.6992645740509034, 0.6983543872833252], "loss_con": [0.0035091176978312433, 0.01692030131816864, 0.027905598282814026, 0.03313706666231155, 0.034243423491716385, 0.03287718966603279, 0.03024376891553402, 0.027290051430463792, 0.025150362774729727, 0.025116188824176787, 0.028011788427829743, 0.03306806832551956, 0.03833283856511116, 0.042087359726428984, 0.044022326916456224, 0.04499930292367935, 0.04547703266143799, 0.04554290026426315, 0.04571757391095162, 0.04615258276462555, 0.04649285301566124, 0.046537742018699646, 0.046124619990587236, 0.04584803283214569, 0.045684739202260974, 0.045556281507015225, 0.04526166394352913, 0.04465485960245132, 0.04439197555184364, 0.04476985782384872, 0.04542163833975792, 0.046190643310546876, 0.04660996049642563, 0.047027759999036786, 0.04743814468383789, 0.04746547639369965, 0.04752834737300873, 0.047918844223022464, 0.04851521775126457, 0.049170871078968045, 0.04928206354379654, 0.04943680018186569, 0.04938788339495659, 0.049634359776973724, 0.050248143076896665, 0.05059590935707092, 0.050532663613557814, 0.05014405101537704, 0.05000188574194908, 0.04969947338104248], "var_explained": [[0, -0.5163010358810425], [10, 0.05373471975326538], [20, 0.17066317796707153], [30, 0.247522234916687], [40, 0.2853206396102905], [49, 0.3050963282585144]]}